/*
 Navicat Premium Data Transfer

 Source Server         : aliyun-2
 Source Server Type    : MySQL
 Source Server Version : 80013
 Source Host           : localhost:3306
 Source Schema         : ktv

 Target Server Type    : MySQL
 Target Server Version : 80013
 File Encoding         : 65001

 Date: 10/03/2019 00:08:10
*/

SET NAMES utf8mb4;
SET FOREIGN_KEY_CHECKS = 0;

-- ----------------------------
-- Table structure for goods
-- ----------------------------
DROP TABLE IF EXISTS `goods`;
CREATE TABLE `goods` (
  `id` int(11) NOT NULL AUTO_INCREMENT,
  `name` varchar(50) NOT NULL,
  `picture` varchar(255) DEFAULT NULL,
  `price` decimal(10,2) NOT NULL,
  `unit` int(11) NOT NULL,
  `descr` varchar(255) DEFAULT NULL,
  `qty` int(11) NOT NULL DEFAULT '0',
  `record` int(11) NOT NULL DEFAULT '0',
  `vipDiscount` int(11) NOT NULL DEFAULT '0' COMMENT '开启会员折扣',
  `discount` decimal(10,2) DEFAULT NULL COMMENT '会员折扣',
  `createTime` bigint(20) NOT NULL,
  `updateTime` bigint(20) DEFAULT NULL,
  `off` int(11) NOT NULL DEFAULT '0',
  PRIMARY KEY (`id`) USING BTREE
) ENGINE=InnoDB AUTO_INCREMENT=31 DEFAULT CHARSET=utf8 ROW_FORMAT=DYNAMIC;

-- ----------------------------
-- Records of goods
-- ----------------------------
BEGIN;
INSERT INTO `goods` VALUES (1, '纯啤啤酒', NULL, 20.00, 1, '', 0, 0, 0, NULL, 1545710870689, 1546824044487, 1);
INSERT INTO `goods` VALUES (2, '七堡1516啤酒', NULL, 8.00, 1, '畅饮', -2441, 0, 0, NULL, 1545710972654, 1548160019434, 0);
INSERT INTO `goods` VALUES (3, '雪花啤酒', NULL, 10.00, 1, '真的有雪花哦', -662, 0, 0, NULL, 1545711013154, NULL, 0);
INSERT INTO `goods` VALUES (4, '华夏干红', NULL, 118.00, 1, '', 0, 0, 0, NULL, 1545711043902, 1546824183625, 0);
INSERT INTO `goods` VALUES (5, '雪碧', NULL, 6.00, 6, '透心凉', -5, 0, 0, NULL, 1545711071418, 1546824199463, 0);
INSERT INTO `goods` VALUES (6, '冰红茶', NULL, 6.00, 1, '', -24, 0, 0, NULL, 1545711147913, 1546824219695, 0);
INSERT INTO `goods` VALUES (7, '爆米花', NULL, 10.00, 4, '爆！爆！爆！', -198, 0, 0, NULL, 1545711196951, 1548329844789, 0);
INSERT INTO `goods` VALUES (8, '小吃1份', NULL, 10.00, 2, '', 0, 0, 0, NULL, 1545711308809, 1546860479266, 1);
INSERT INTO `goods` VALUES (9, '小吃2份', NULL, 10.00, 2, '', 0, 0, 0, NULL, 1545711339119, 1546860483789, 1);
INSERT INTO `goods` VALUES (10, '小吃3份', NULL, 10.00, 2, '小吃', 0, 0, 0, NULL, 1545711366170, 1546860487317, 1);
INSERT INTO `goods` VALUES (11, '小吃4份', NULL, 10.00, 2, '小吃', 0, 0, 0, NULL, 1545711380608, 1546860491998, 1);
INSERT INTO `goods` VALUES (12, '小吃5份', NULL, 10.00, 2, '小吃', 0, 0, 0, NULL, 1545711409836, 1546860498579, 1);
INSERT INTO `goods` VALUES (13, '小吃6份', NULL, 10.00, 2, '小吃', 0, 0, 0, NULL, 1545711427555, 1546860495524, 1);
INSERT INTO `goods` VALUES (14, '什锦果盘小拼', NULL, 38.00, 2, '', -51, 0, 0, NULL, 1545711468435, 1546860574860, 0);
INSERT INTO `goods` VALUES (15, '什锦果盘中拼', NULL, 50.00, 2, '', 0, 0, 0, NULL, 1545711489771, 1546860565082, 1);
INSERT INTO `goods` VALUES (16, '什锦果盘大拼', NULL, 58.00, 2, '', -57, 0, 0, NULL, 1545711509813, 1546860583315, 0);
INSERT INTO `goods` VALUES (17, '红牛', NULL, 10.00, 1, '', -1, 0, 0, NULL, 1546824237361, NULL, 0);
INSERT INTO `goods` VALUES (18, '加多宝', NULL, 10.00, 1, '', -16, 0, 0, NULL, 1546824270755, NULL, 0);
INSERT INTO `goods` VALUES (19, '百事可乐', NULL, 6.00, 1, '', -3, 0, 0, NULL, 1546824295268, NULL, 0);
INSERT INTO `goods` VALUES (20, '可口可乐', NULL, 6.00, 1, '', -12, 0, 0, NULL, 1546824313853, NULL, 0);
INSERT INTO `goods` VALUES (21, '茗茶一壶', NULL, 38.00, 7, '', 0, 0, 0, NULL, 1546828193707, 1546828287041, 0);
INSERT INTO `goods` VALUES (22, '小吃拼盘', NULL, 38.00, 2, '', -184, 0, 0, NULL, 1546860553466, NULL, 0);
INSERT INTO `goods` VALUES (23, '燕京啤酒', NULL, 10.00, 1, '', -413, 0, 0, NULL, 1546860622231, NULL, 0);
INSERT INTO `goods` VALUES (24, '棒棒糖', NULL, 2.00, 3, '', -57, 0, 0, NULL, 1547814980813, NULL, 0);
INSERT INTO `goods` VALUES (25, 'QQ糖', NULL, 3.00, 4, '', -9, 0, 0, NULL, 1547814997993, NULL, 0);
INSERT INTO `goods` VALUES (26, '冰糖雪梨', NULL, 6.00, 1, '', -3, 0, 0, NULL, 1547815026025, NULL, 0);
INSERT INTO `goods` VALUES (27, '奶茶', NULL, 6.00, 1, '', -13, 0, 0, NULL, 1547815045919, NULL, 0);
INSERT INTO `goods` VALUES (28, '泡面', NULL, 10.00, 4, '', 0, 0, 0, NULL, 1547815067315, NULL, 0);
INSERT INTO `goods` VALUES (29, '槟榔', NULL, 20.00, 4, '', -31, 0, 0, NULL, 1547902680026, NULL, 0);
INSERT INTO `goods` VALUES (30, '尖叫', NULL, 6.00, 1, '', -10, 0, 0, NULL, 1548054454307, NULL, 0);
COMMIT;

-- ----------------------------
-- Table structure for goodsqty
-- ----------------------------
DROP TABLE IF EXISTS `goodsqty`;
CREATE TABLE `goodsqty` (
  `id` int(11) NOT NULL AUTO_INCREMENT,
  `goods` int(11) NOT NULL,
  `qty` int(11) NOT NULL,
  `user` varchar(50) NOT NULL,
  `time` bigint(20) NOT NULL,
  `createTime` bigint(20) NOT NULL,
  `off` int(11) NOT NULL DEFAULT '0',
  PRIMARY KEY (`id`) USING BTREE
) ENGINE=InnoDB DEFAULT CHARSET=utf8 ROW_FORMAT=DYNAMIC;

-- ----------------------------
-- Table structure for package
-- ----------------------------
DROP TABLE IF EXISTS `package`;
CREATE TABLE `package` (
  `id` int(11) NOT NULL AUTO_INCREMENT,
  `uuid` varchar(50) NOT NULL,
  `name` varchar(50) NOT NULL,
  `goods` int(11) DEFAULT NULL COMMENT '商品',
  `qty` int(11) DEFAULT NULL,
  `grp` varchar(50) DEFAULT NULL,
  `type1` int(11) DEFAULT NULL COMMENT '价格档 1：阳光档 2：黄金档',
  `price1` decimal(10,2) DEFAULT NULL COMMENT '阳光档价格',
  `type2` int(11) DEFAULT NULL COMMENT '2：黄金档',
  `price2` decimal(10,2) DEFAULT NULL COMMENT '黄金档价格',
  `descr` varchar(255) DEFAULT NULL,
  `createTime` bigint(20) DEFAULT NULL,
  `updateTime` bigint(20) DEFAULT NULL,
  `off` int(11) NOT NULL DEFAULT '0',
  PRIMARY KEY (`id`) USING BTREE
) ENGINE=InnoDB AUTO_INCREMENT=616 DEFAULT CHARSET=utf8 ROW_FORMAT=DYNAMIC;

-- ----------------------------
-- Records of package
-- ----------------------------
BEGIN;
INSERT INTO `package` VALUES (492, 'be0f43e0-1b17-11e9-9392-4f5fb6d71560', '豪包阳光档套餐', 16, 1, '', 1, 228.00, 0, 0.00, '什锦果盘大拼；\n小吃拼盘；\n爆米花一份；', 1547812439838, NULL, 0);
INSERT INTO `package` VALUES (493, 'be0f43e0-1b17-11e9-9392-4f5fb6d71560', '豪包阳光档套餐', 22, 1, '', 1, 228.00, 0, 0.00, '什锦果盘大拼；\n小吃拼盘；\n爆米花一份；', 1547812439838, NULL, 0);
INSERT INTO `package` VALUES (494, 'be0f43e0-1b17-11e9-9392-4f5fb6d71560', '豪包阳光档套餐', 7, 1, '', 1, 228.00, 0, 0.00, '什锦果盘大拼；\n小吃拼盘；\n爆米花一份；', 1547812439838, NULL, 0);
INSERT INTO `package` VALUES (495, 'f5eda220-1b17-11e9-9392-4f5fb6d71560', '豪包黄金档套餐', 16, 1, '', 0, 0.00, 1, 318.00, '什锦果盘大拼；\n小吃拼盘；\n爆米花一份；', 1547812533570, NULL, 0);
INSERT INTO `package` VALUES (496, 'f5eda220-1b17-11e9-9392-4f5fb6d71560', '豪包黄金档套餐', 22, 1, '', 0, 0.00, 1, 318.00, '什锦果盘大拼；\n小吃拼盘；\n爆米花一份；', 1547812533570, NULL, 0);
INSERT INTO `package` VALUES (497, 'f5eda220-1b17-11e9-9392-4f5fb6d71560', '豪包黄金档套餐', 7, 1, '', 0, 0.00, 1, 318.00, '什锦果盘大拼；\n小吃拼盘；\n爆米花一份；', 1547812533570, NULL, 0);
INSERT INTO `package` VALUES (507, '35556f20-1b17-11e9-9392-4f5fb6d71560', '大包黄金档小吃套餐', 14, 1, '', 0, 0.00, 1, 160.00, '小吃拼盘一份；\n什锦果盘一份；\n爆米花一份；', 1547812210450, 1547813295950, 0);
INSERT INTO `package` VALUES (508, '35556f20-1b17-11e9-9392-4f5fb6d71560', '大包黄金档小吃套餐', 22, 1, '', 0, 0.00, 1, 160.00, '小吃拼盘一份；\n什锦果盘一份；\n爆米花一份；', 1547812210450, 1547813295950, 0);
INSERT INTO `package` VALUES (509, '35556f20-1b17-11e9-9392-4f5fb6d71560', '大包黄金档小吃套餐', 7, 1, '', 0, 0.00, 1, 160.00, '小吃拼盘一份；\n什锦果盘一份；\n爆米花一份；', 1547812210450, 1547813295950, 0);
INSERT INTO `package` VALUES (563, '7985adb0-1223-11e9-9989-d75a6f62cec3', '豪包黄金档啤酒套餐', 7, 1, '23,2,3', 0, 0.00, 1, 300.00, '1、七堡啤酒14瓶或燕京啤酒14瓶或雪花啤酒12瓶\n2、小吃拼盘1份\n3、爆米花1份\n4、什锦果盘大拼2份', 1546827918347, 1550658523126, 0);
INSERT INTO `package` VALUES (564, '7985adb0-1223-11e9-9989-d75a6f62cec3', '豪包黄金档啤酒套餐', 3, 12, '23,2,3', 0, 0.00, 1, 300.00, '1、七堡啤酒14瓶或燕京啤酒14瓶或雪花啤酒12瓶\n2、小吃拼盘1份\n3、爆米花1份\n4、什锦果盘大拼2份', 1546827918347, 1550658523126, 0);
INSERT INTO `package` VALUES (565, '7985adb0-1223-11e9-9989-d75a6f62cec3', '豪包黄金档啤酒套餐', 16, 2, '23,2,3', 0, 0.00, 1, 300.00, '1、七堡啤酒14瓶或燕京啤酒14瓶或雪花啤酒12瓶\n2、小吃拼盘1份\n3、爆米花1份\n4、什锦果盘大拼2份', 1546827918347, 1550658523126, 0);
INSERT INTO `package` VALUES (566, '7985adb0-1223-11e9-9989-d75a6f62cec3', '豪包黄金档啤酒套餐', 2, 14, '23,2,3', 0, 0.00, 1, 300.00, '1、七堡啤酒14瓶或燕京啤酒14瓶或雪花啤酒12瓶\n2、小吃拼盘1份\n3、爆米花1份\n4、什锦果盘大拼2份', 1546827918347, 1550658523126, 0);
INSERT INTO `package` VALUES (567, '7985adb0-1223-11e9-9989-d75a6f62cec3', '豪包黄金档啤酒套餐', 23, 14, '23,2,3', 0, 0.00, 1, 300.00, '1、七堡啤酒14瓶或燕京啤酒14瓶或雪花啤酒12瓶\n2、小吃拼盘1份\n3、爆米花1份\n4、什锦果盘大拼2份', 1546827918347, 1550658523126, 0);
INSERT INTO `package` VALUES (568, '7985adb0-1223-11e9-9989-d75a6f62cec3', '豪包黄金档啤酒套餐', 22, 1, '23,2,3', 0, 0.00, 1, 300.00, '1、七堡啤酒14瓶或燕京啤酒14瓶或雪花啤酒12瓶\n2、小吃拼盘1份\n3、爆米花1份\n4、什锦果盘大拼2份', 1546827918347, 1550658523126, 0);
INSERT INTO `package` VALUES (569, '1e7e14a0-1225-11e9-9989-d75a6f62cec3', '豪包阳光档啤酒套餐', 23, 14, '23,2,3', 1, 200.00, 0, 0.00, '1、七堡1516啤酒14瓶或燕京啤酒14瓶或雪花啤酒12瓶\n2、小吃拼盘1份\n3、爆米花1包\n4、什锦果盘大拼1份', 1546828624618, 1550658544928, 0);
INSERT INTO `package` VALUES (570, '1e7e14a0-1225-11e9-9989-d75a6f62cec3', '豪包阳光档啤酒套餐', 16, 2, '23,2,3', 1, 200.00, 0, 0.00, '1、七堡1516啤酒14瓶或燕京啤酒14瓶或雪花啤酒12瓶\n2、小吃拼盘1份\n3、爆米花1包\n4、什锦果盘大拼1份', 1546828624618, 1550658544928, 0);
INSERT INTO `package` VALUES (571, '1e7e14a0-1225-11e9-9989-d75a6f62cec3', '豪包阳光档啤酒套餐', 22, 1, '23,2,3', 1, 200.00, 0, 0.00, '1、七堡1516啤酒14瓶或燕京啤酒14瓶或雪花啤酒12瓶\n2、小吃拼盘1份\n3、爆米花1包\n4、什锦果盘大拼1份', 1546828624618, 1550658544928, 0);
INSERT INTO `package` VALUES (572, '1e7e14a0-1225-11e9-9989-d75a6f62cec3', '豪包阳光档啤酒套餐', 2, 14, '23,2,3', 1, 200.00, 0, 0.00, '1、七堡1516啤酒14瓶或燕京啤酒14瓶或雪花啤酒12瓶\n2、小吃拼盘1份\n3、爆米花1包\n4、什锦果盘大拼1份', 1546828624618, 1550658544928, 0);
INSERT INTO `package` VALUES (573, '1e7e14a0-1225-11e9-9989-d75a6f62cec3', '豪包阳光档啤酒套餐', 3, 12, '23,2,3', 1, 200.00, 0, 0.00, '1、七堡1516啤酒14瓶或燕京啤酒14瓶或雪花啤酒12瓶\n2、小吃拼盘1份\n3、爆米花1包\n4、什锦果盘大拼1份', 1546828624618, 1550658544928, 0);
INSERT INTO `package` VALUES (574, '1e7e14a0-1225-11e9-9989-d75a6f62cec3', '豪包阳光档啤酒套餐', 7, 1, '23,2,3', 1, 200.00, 0, 0.00, '1、七堡1516啤酒14瓶或燕京啤酒14瓶或雪花啤酒12瓶\n2、小吃拼盘1份\n3、爆米花1包\n4、什锦果盘大拼1份', 1546828624618, 1550658544928, 0);
INSERT INTO `package` VALUES (575, '31eada50-104a-11e9-a1db-0d5fe7aa5fe3', '标准包黄金档啤酒套餐', 7, 1, '23,2,3', 0, 0.00, 1, 168.00, '1、七堡1516啤酒8瓶或燕京啤酒8瓶或雪花啤酒6瓶\n2、小吃拼盘1份\n3、爆米花1包\n4、什锦果盘小拼1份', 1546624646261, 1550658572852, 0);
INSERT INTO `package` VALUES (576, '31eada50-104a-11e9-a1db-0d5fe7aa5fe3', '标准包黄金档啤酒套餐', 14, 1, '23,2,3', 0, 0.00, 1, 168.00, '1、七堡1516啤酒8瓶或燕京啤酒8瓶或雪花啤酒6瓶\n2、小吃拼盘1份\n3、爆米花1包\n4、什锦果盘小拼1份', 1546624646261, 1550658572852, 0);
INSERT INTO `package` VALUES (577, '31eada50-104a-11e9-a1db-0d5fe7aa5fe3', '标准包黄金档啤酒套餐', 22, 1, '23,2,3', 0, 0.00, 1, 168.00, '1、七堡1516啤酒8瓶或燕京啤酒8瓶或雪花啤酒6瓶\n2、小吃拼盘1份\n3、爆米花1包\n4、什锦果盘小拼1份', 1546624646261, 1550658572852, 0);
INSERT INTO `package` VALUES (578, '31eada50-104a-11e9-a1db-0d5fe7aa5fe3', '标准包黄金档啤酒套餐', 2, 8, '23,2,3', 0, 0.00, 1, 168.00, '1、七堡1516啤酒8瓶或燕京啤酒8瓶或雪花啤酒6瓶\n2、小吃拼盘1份\n3、爆米花1包\n4、什锦果盘小拼1份', 1546624646261, 1550658572852, 0);
INSERT INTO `package` VALUES (579, '31eada50-104a-11e9-a1db-0d5fe7aa5fe3', '标准包黄金档啤酒套餐', 23, 8, '23,2,3', 0, 0.00, 1, 168.00, '1、七堡1516啤酒8瓶或燕京啤酒8瓶或雪花啤酒6瓶\n2、小吃拼盘1份\n3、爆米花1包\n4、什锦果盘小拼1份', 1546624646261, 1550658572852, 0);
INSERT INTO `package` VALUES (580, '31eada50-104a-11e9-a1db-0d5fe7aa5fe3', '标准包黄金档啤酒套餐', 3, 6, '23,2,3', 0, 0.00, 1, 168.00, '1、七堡1516啤酒8瓶或燕京啤酒8瓶或雪花啤酒6瓶\n2、小吃拼盘1份\n3、爆米花1包\n4、什锦果盘小拼1份', 1546624646261, 1550658572852, 0);
INSERT INTO `package` VALUES (581, '4b53d400-121c-11e9-9989-d75a6f62cec3', '大包黄金档啤酒套餐', 7, 1, '3,23,2', 0, 0.00, 1, 198.00, '1、七堡啤酒12瓶或燕京啤酒12瓶或雪花啤酒10瓶\n2、小吃拼盘1份\n3、爆米花1份\n4、什锦果盘大拼1份', 1546824834368, 1550658597134, 0);
INSERT INTO `package` VALUES (582, '4b53d400-121c-11e9-9989-d75a6f62cec3', '大包黄金档啤酒套餐', 22, 1, '3,23,2', 0, 0.00, 1, 198.00, '1、七堡啤酒12瓶或燕京啤酒12瓶或雪花啤酒10瓶\n2、小吃拼盘1份\n3、爆米花1份\n4、什锦果盘大拼1份', 1546824834368, 1550658597134, 0);
INSERT INTO `package` VALUES (583, '4b53d400-121c-11e9-9989-d75a6f62cec3', '大包黄金档啤酒套餐', 2, 12, '3,23,2', 0, 0.00, 1, 198.00, '1、七堡啤酒12瓶或燕京啤酒12瓶或雪花啤酒10瓶\n2、小吃拼盘1份\n3、爆米花1份\n4、什锦果盘大拼1份', 1546824834368, 1550658597134, 0);
INSERT INTO `package` VALUES (584, '4b53d400-121c-11e9-9989-d75a6f62cec3', '大包黄金档啤酒套餐', 3, 10, '3,23,2', 0, 0.00, 1, 198.00, '1、七堡啤酒12瓶或燕京啤酒12瓶或雪花啤酒10瓶\n2、小吃拼盘1份\n3、爆米花1份\n4、什锦果盘大拼1份', 1546824834368, 1550658597134, 0);
INSERT INTO `package` VALUES (585, '4b53d400-121c-11e9-9989-d75a6f62cec3', '大包黄金档啤酒套餐', 23, 12, '3,23,2', 0, 0.00, 1, 198.00, '1、七堡啤酒12瓶或燕京啤酒12瓶或雪花啤酒10瓶\n2、小吃拼盘1份\n3、爆米花1份\n4、什锦果盘大拼1份', 1546824834368, 1550658597134, 0);
INSERT INTO `package` VALUES (586, 'de2d8030-1223-11e9-9989-d75a6f62cec3', '标准包阳光档啤酒套餐', 22, 1, '23,2,3', 1, 100.00, 0, 0.00, '1、七堡1516啤酒6瓶或燕京啤酒6瓶或雪花啤酒5瓶\n2、小吃1分\n3、爆米花1包\n4、什锦果盘小拼1份', 1546828087219, 1550658650066, 0);
INSERT INTO `package` VALUES (587, 'de2d8030-1223-11e9-9989-d75a6f62cec3', '标准包阳光档啤酒套餐', 7, 1, '23,2,3', 1, 100.00, 0, 0.00, '1、七堡1516啤酒6瓶或燕京啤酒6瓶或雪花啤酒5瓶\n2、小吃1分\n3、爆米花1包\n4、什锦果盘小拼1份', 1546828087219, 1550658650066, 0);
INSERT INTO `package` VALUES (588, 'de2d8030-1223-11e9-9989-d75a6f62cec3', '标准包阳光档啤酒套餐', 14, 1, '23,2,3', 1, 100.00, 0, 0.00, '1、七堡1516啤酒6瓶或燕京啤酒6瓶或雪花啤酒5瓶\n2、小吃1分\n3、爆米花1包\n4、什锦果盘小拼1份', 1546828087219, 1550658650066, 0);
INSERT INTO `package` VALUES (589, 'de2d8030-1223-11e9-9989-d75a6f62cec3', '标准包阳光档啤酒套餐', 2, 6, '23,2,3', 1, 100.00, 0, 0.00, '1、七堡1516啤酒6瓶或燕京啤酒6瓶或雪花啤酒5瓶\n2、小吃1分\n3、爆米花1包\n4、什锦果盘小拼1份', 1546828087219, 1550658650066, 0);
INSERT INTO `package` VALUES (590, 'de2d8030-1223-11e9-9989-d75a6f62cec3', '标准包阳光档啤酒套餐', 3, 5, '23,2,3', 1, 100.00, 0, 0.00, '1、七堡1516啤酒6瓶或燕京啤酒6瓶或雪花啤酒5瓶\n2、小吃1分\n3、爆米花1包\n4、什锦果盘小拼1份', 1546828087219, 1550658650066, 0);
INSERT INTO `package` VALUES (591, 'de2d8030-1223-11e9-9989-d75a6f62cec3', '标准包阳光档啤酒套餐', 23, 6, '23,2,3', 1, 100.00, 0, 0.00, '1、七堡1516啤酒6瓶或燕京啤酒6瓶或雪花啤酒5瓶\n2、小吃1分\n3、爆米花1包\n4、什锦果盘小拼1份', 1546828087219, 1550658650066, 0);
INSERT INTO `package` VALUES (592, '94902cb0-1224-11e9-9989-d75a6f62cec3', '大包阳光档啤酒套餐', 23, 10, '23,2,3', 1, 168.00, 0, 0.00, '1、七堡1516啤酒10瓶或燕京啤酒10瓶或雪花啤酒8瓶\n2、小吃拼盘1份\n3、爆米花1包\n4、什锦果盘大拼1份', 1546828393211, 1550658669646, 0);
INSERT INTO `package` VALUES (593, '94902cb0-1224-11e9-9989-d75a6f62cec3', '大包阳光档啤酒套餐', 16, 1, '23,2,3', 1, 168.00, 0, 0.00, '1、七堡1516啤酒10瓶或燕京啤酒10瓶或雪花啤酒8瓶\n2、小吃拼盘1份\n3、爆米花1包\n4、什锦果盘大拼1份', 1546828393211, 1550658669646, 0);
INSERT INTO `package` VALUES (594, '94902cb0-1224-11e9-9989-d75a6f62cec3', '大包阳光档啤酒套餐', 2, 10, '23,2,3', 1, 168.00, 0, 0.00, '1、七堡1516啤酒10瓶或燕京啤酒10瓶或雪花啤酒8瓶\n2、小吃拼盘1份\n3、爆米花1包\n4、什锦果盘大拼1份', 1546828393211, 1550658669646, 0);
INSERT INTO `package` VALUES (595, '94902cb0-1224-11e9-9989-d75a6f62cec3', '大包阳光档啤酒套餐', 3, 8, '23,2,3', 1, 168.00, 0, 0.00, '1、七堡1516啤酒10瓶或燕京啤酒10瓶或雪花啤酒8瓶\n2、小吃拼盘1份\n3、爆米花1包\n4、什锦果盘大拼1份', 1546828393211, 1550658669646, 0);
INSERT INTO `package` VALUES (596, '94902cb0-1224-11e9-9989-d75a6f62cec3', '大包阳光档啤酒套餐', 7, 1, '23,2,3', 1, 168.00, 0, 0.00, '1、七堡1516啤酒10瓶或燕京啤酒10瓶或雪花啤酒8瓶\n2、小吃拼盘1份\n3、爆米花1包\n4、什锦果盘大拼1份', 1546828393211, 1550658669646, 0);
INSERT INTO `package` VALUES (597, '94902cb0-1224-11e9-9989-d75a6f62cec3', '大包阳光档啤酒套餐', 22, 1, '23,2,3', 1, 168.00, 0, 0.00, '1、七堡1516啤酒10瓶或燕京啤酒10瓶或雪花啤酒8瓶\n2、小吃拼盘1份\n3、爆米花1包\n4、什锦果盘大拼1份', 1546828393211, 1550658669646, 0);
INSERT INTO `package` VALUES (598, '9d1432e0-13f6-11e9-86ad-915cb8e24559', '豪包阳光档干唱套餐', NULL, NULL, NULL, 1, 100.00, 0, 0.00, '不要酒水、小吃套餐', 1547028552974, 1550658784449, 0);
INSERT INTO `package` VALUES (599, 'b67f0200-1720-11e9-b5e7-cd0a8c11a7bb', '豪包黄金档干唱套餐', NULL, NULL, NULL, 0, 0.00, 1, 200.00, '不要酒水、小吃套餐', 1547376487968, 1550658794289, 0);
INSERT INTO `package` VALUES (600, 'dae7fde0-1720-11e9-b5e7-cd0a8c11a7bb', '大包阳光档干唱套餐', NULL, NULL, NULL, 1, 50.00, 0, 0.00, '不要酒水、小吃套餐', 1547376549054, 1550658810846, 0);
INSERT INTO `package` VALUES (601, 'f0664fa0-1720-11e9-b5e7-cd0a8c11a7bb', '大包黄金档干唱套餐', NULL, NULL, NULL, 0, 0.00, 1, 100.00, '不要酒水、小吃套餐', 1547376585114, 1550658819987, 0);
INSERT INTO `package` VALUES (602, '0503b740-1721-11e9-b5e7-cd0a8c11a7bb', '标准包阳光档干唱套餐', NULL, NULL, NULL, 1, 50.00, 0, 0.00, '不要酒水、小吃套餐', 1547376619700, 1550658834837, 0);
INSERT INTO `package` VALUES (603, '15e48c10-1721-11e9-b5e7-cd0a8c11a7bb', '标准包黄金档干唱套餐', NULL, NULL, NULL, 0, 0.00, 1, 60.00, '不要酒水、小吃套餐', 1547376648017, 1550658841288, 0);
INSERT INTO `package` VALUES (604, '0cb902c0-1b17-11e9-9392-4f5fb6d71560', '大包阳光档小吃套餐', 14, 1, '', 1, 128.00, 0, 0.00, '小吃拼盘一份；\n什锦果盘一份；\n爆米花一份；', 1547812142316, 1550658912711, 0);
INSERT INTO `package` VALUES (605, '0cb902c0-1b17-11e9-9392-4f5fb6d71560', '大包阳光档小吃套餐', 22, 1, '', 1, 128.00, 0, 0.00, '小吃拼盘一份；\n什锦果盘一份；\n爆米花一份；', 1547812142316, 1550658912711, 0);
INSERT INTO `package` VALUES (606, '0cb902c0-1b17-11e9-9392-4f5fb6d71560', '大包阳光档小吃套餐', 7, 1, '', 1, 128.00, 0, 0.00, '小吃拼盘一份；\n什锦果盘一份；\n爆米花一份；', 1547812142316, 1550658912711, 0);
INSERT INTO `package` VALUES (610, 'bf8e8db0-1b13-11e9-9392-4f5fb6d71560', '标准包阳光档小吃套餐', 7, 1, '', 1, 88.00, 0, 0.00, '1，小吃拼盘一份；\n2，什锦果盘小拼盘一份；\n3，爆米花一份；', 1547810724362, 1550659092731, 0);
INSERT INTO `package` VALUES (611, 'bf8e8db0-1b13-11e9-9392-4f5fb6d71560', '标准包阳光档小吃套餐', 22, 1, '', 1, 88.00, 0, 0.00, '1，小吃拼盘一份；\n2，什锦果盘小拼盘一份；\n3，爆米花一份；', 1547810724362, 1550659092731, 0);
INSERT INTO `package` VALUES (612, 'bf8e8db0-1b13-11e9-9392-4f5fb6d71560', '标准包阳光档小吃套餐', 14, 1, '', 1, 88.00, 0, 0.00, '1，小吃拼盘一份；\n2，什锦果盘小拼盘一份；\n3，爆米花一份；', 1547810724362, 1550659092731, 0);
INSERT INTO `package` VALUES (613, 'c78db6c0-1b14-11e9-9392-4f5fb6d71560', '标准包黄金档小吃套餐', 14, 1, '', 0, 0.00, 1, 128.00, '小吃拼盘一份；\n什锦果盘一份；\n爆米花一份；', 1547811167276, 1550659105388, 0);
INSERT INTO `package` VALUES (614, 'c78db6c0-1b14-11e9-9392-4f5fb6d71560', '标准包黄金档小吃套餐', 22, 1, '', 0, 0.00, 1, 128.00, '小吃拼盘一份；\n什锦果盘一份；\n爆米花一份；', 1547811167276, 1550659105388, 0);
INSERT INTO `package` VALUES (615, 'c78db6c0-1b14-11e9-9392-4f5fb6d71560', '标准包黄金档小吃套餐', 7, 1, '', 0, 0.00, 1, 128.00, '小吃拼盘一份；\n什锦果盘一份；\n爆米花一份；', 1547811167276, 1550659105388, 0);
COMMIT;

-- ----------------------------
-- Table structure for rechargerecord
-- ----------------------------
DROP TABLE IF EXISTS `rechargerecord`;
CREATE TABLE `rechargerecord` (
  `id` int(11) NOT NULL AUTO_INCREMENT,
  `phone` varchar(50) NOT NULL,
  `money` decimal(10,2) NOT NULL,
  `recharge` decimal(10,2) NOT NULL,
  `give` decimal(10,2) NOT NULL DEFAULT '0.00',
  `user` varchar(50) NOT NULL,
  `time` bigint(20) NOT NULL,
  `off` int(11) NOT NULL DEFAULT '0',
  PRIMARY KEY (`id`) USING BTREE
) ENGINE=InnoDB AUTO_INCREMENT=2 DEFAULT CHARSET=utf8 ROW_FORMAT=DYNAMIC;

-- ----------------------------
-- Records of rechargerecord
-- ----------------------------
BEGIN;
INSERT INTO `rechargerecord` VALUES (1, '15172640596', 1000.00, 500.00, 500.00, '陈亮', 1549886464723, 0);
COMMIT;

-- ----------------------------
-- Table structure for room
-- ----------------------------
DROP TABLE IF EXISTS `room`;
CREATE TABLE `room` (
  `id` int(11) NOT NULL AUTO_INCREMENT,
  `uuid` varchar(50) NOT NULL,
  `roomType` int(11) NOT NULL,
  `name` varchar(50) NOT NULL,
  `no` varchar(50) NOT NULL,
  `package` varchar(50) NOT NULL,
  `descr` varchar(255) DEFAULT NULL,
  `position` varchar(50) DEFAULT NULL,
  `createTime` bigint(20) NOT NULL,
  `updateTime` bigint(20) DEFAULT NULL,
  `off` int(11) NOT NULL DEFAULT '0',
  `status` int(11) NOT NULL DEFAULT '0',
  PRIMARY KEY (`id`) USING BTREE
) ENGINE=InnoDB AUTO_INCREMENT=345 DEFAULT CHARSET=utf8 ROW_FORMAT=DYNAMIC;

-- ----------------------------
-- Records of room
-- ----------------------------
BEGIN;
INSERT INTO `room` VALUES (255, '901039f0-084c-11e9-a567-470a0f92e677', 3, '南天门', '6666', '1e7e14a0-1225-11e9-9989-d75a6f62cec3', '欢乐唱响', '1_1', 1545730760693, 1547812552754, 0, 0);
INSERT INTO `room` VALUES (256, '901039f0-084c-11e9-a567-470a0f92e677', 3, '南天门', '6666', '7985adb0-1223-11e9-9989-d75a6f62cec3', '欢乐唱响', '1_1', 1545730760693, 1547812552754, 0, 0);
INSERT INTO `room` VALUES (257, '901039f0-084c-11e9-a567-470a0f92e677', 3, '南天门', '6666', '9d1432e0-13f6-11e9-86ad-915cb8e24559', '欢乐唱响', '1_1', 1545730760693, 1547812552754, 0, 0);
INSERT INTO `room` VALUES (258, '901039f0-084c-11e9-a567-470a0f92e677', 3, '南天门', '6666', 'b67f0200-1720-11e9-b5e7-cd0a8c11a7bb', '欢乐唱响', '1_1', 1545730760693, 1547812552754, 0, 0);
INSERT INTO `room` VALUES (259, '901039f0-084c-11e9-a567-470a0f92e677', 3, '南天门', '6666', 'be0f43e0-1b17-11e9-9392-4f5fb6d71560', '欢乐唱响', '1_1', 1545730760693, 1547812552754, 0, 0);
INSERT INTO `room` VALUES (260, '901039f0-084c-11e9-a567-470a0f92e677', 3, '南天门', '6666', 'f5eda220-1b17-11e9-9392-4f5fb6d71560', '欢乐唱响', '1_1', 1545730760693, 1547812552754, 0, 0);
INSERT INTO `room` VALUES (261, 'f4999250-0828-11e9-8b7c-f90e6ffd643f', 2, '慈宁宫', '8011', '4b53d400-121c-11e9-9989-d75a6f62cec3', '欢乐唱响', '1_2', 1545746053903, 1547812559670, 0, 0);
INSERT INTO `room` VALUES (262, 'f4999250-0828-11e9-8b7c-f90e6ffd643f', 2, '慈宁宫', '8011', '94902cb0-1224-11e9-9989-d75a6f62cec3', '欢乐唱响', '1_2', 1545746053903, 1547812559670, 0, 0);
INSERT INTO `room` VALUES (263, 'f4999250-0828-11e9-8b7c-f90e6ffd643f', 2, '慈宁宫', '8011', 'dae7fde0-1720-11e9-b5e7-cd0a8c11a7bb', '欢乐唱响', '1_2', 1545746053903, 1547812559670, 0, 0);
INSERT INTO `room` VALUES (264, 'f4999250-0828-11e9-8b7c-f90e6ffd643f', 2, '慈宁宫', '8011', 'f0664fa0-1720-11e9-b5e7-cd0a8c11a7bb', '欢乐唱响', '1_2', 1545746053903, 1547812559670, 0, 0);
INSERT INTO `room` VALUES (265, 'f4999250-0828-11e9-8b7c-f90e6ffd643f', 2, '慈宁宫', '8011', '0cb902c0-1b17-11e9-9392-4f5fb6d71560', '欢乐唱响', '1_2', 1545746053903, 1547812559670, 0, 0);
INSERT INTO `room` VALUES (266, 'f4999250-0828-11e9-8b7c-f90e6ffd643f', 2, '慈宁宫', '8011', '35556f20-1b17-11e9-9392-4f5fb6d71560', '欢乐唱响', '1_2', 1545746053903, 1547812559670, 0, 0);
INSERT INTO `room` VALUES (267, '074c3690-084d-11e9-a567-470a0f92e677', 2, '月仙殿', '8012', '4b53d400-121c-11e9-9989-d75a6f62cec3', '欢乐唱响', '1_3', 1545746253945, 1547812569950, 0, 0);
INSERT INTO `room` VALUES (268, '074c3690-084d-11e9-a567-470a0f92e677', 2, '月仙殿', '8012', '94902cb0-1224-11e9-9989-d75a6f62cec3', '欢乐唱响', '1_3', 1545746253945, 1547812569950, 0, 0);
INSERT INTO `room` VALUES (269, '074c3690-084d-11e9-a567-470a0f92e677', 2, '月仙殿', '8012', 'dae7fde0-1720-11e9-b5e7-cd0a8c11a7bb', '欢乐唱响', '1_3', 1545746253945, 1547812569950, 0, 0);
INSERT INTO `room` VALUES (270, '074c3690-084d-11e9-a567-470a0f92e677', 2, '月仙殿', '8012', 'f0664fa0-1720-11e9-b5e7-cd0a8c11a7bb', '欢乐唱响', '1_3', 1545746253945, 1547812569950, 0, 0);
INSERT INTO `room` VALUES (271, '074c3690-084d-11e9-a567-470a0f92e677', 2, '月仙殿', '8012', '0cb902c0-1b17-11e9-9392-4f5fb6d71560', '欢乐唱响', '1_3', 1545746253945, 1547812569950, 0, 0);
INSERT INTO `room` VALUES (272, '074c3690-084d-11e9-a567-470a0f92e677', 2, '月仙殿', '8012', '35556f20-1b17-11e9-9392-4f5fb6d71560', '欢乐唱响', '1_3', 1545746253945, 1547812569950, 0, 0);
INSERT INTO `room` VALUES (273, '11803670-084d-11e9-a567-470a0f92e677', 2, '景阳宫', '8013', '4b53d400-121c-11e9-9989-d75a6f62cec3', '欢乐唱响', '1_4', 1545746271063, 1547812578531, 0, 0);
INSERT INTO `room` VALUES (274, '11803670-084d-11e9-a567-470a0f92e677', 2, '景阳宫', '8013', '94902cb0-1224-11e9-9989-d75a6f62cec3', '欢乐唱响', '1_4', 1545746271063, 1547812578531, 0, 0);
INSERT INTO `room` VALUES (275, '11803670-084d-11e9-a567-470a0f92e677', 2, '景阳宫', '8013', 'dae7fde0-1720-11e9-b5e7-cd0a8c11a7bb', '欢乐唱响', '1_4', 1545746271063, 1547812578531, 0, 0);
INSERT INTO `room` VALUES (276, '11803670-084d-11e9-a567-470a0f92e677', 2, '景阳宫', '8013', 'f0664fa0-1720-11e9-b5e7-cd0a8c11a7bb', '欢乐唱响', '1_4', 1545746271063, 1547812578531, 0, 0);
INSERT INTO `room` VALUES (277, '11803670-084d-11e9-a567-470a0f92e677', 2, '景阳宫', '8013', '0cb902c0-1b17-11e9-9392-4f5fb6d71560', '欢乐唱响', '1_4', 1545746271063, 1547812578531, 0, 0);
INSERT INTO `room` VALUES (278, '11803670-084d-11e9-a567-470a0f92e677', 2, '景阳宫', '8013', '35556f20-1b17-11e9-9392-4f5fb6d71560', '欢乐唱响', '1_4', 1545746271063, 1547812578531, 0, 0);
INSERT INTO `room` VALUES (285, '3575d710-084d-11e9-a567-470a0f92e677', 1, '雪舞宫', '8016', 'de2d8030-1223-11e9-9989-d75a6f62cec3', '', '1_6', 1545746331393, 1547812599824, 0, 0);
INSERT INTO `room` VALUES (286, '3575d710-084d-11e9-a567-470a0f92e677', 1, '雪舞宫', '8016', '15e48c10-1721-11e9-b5e7-cd0a8c11a7bb', '', '1_6', 1545746331393, 1547812599824, 0, 0);
INSERT INTO `room` VALUES (287, '3575d710-084d-11e9-a567-470a0f92e677', 1, '雪舞宫', '8016', '31eada50-104a-11e9-a1db-0d5fe7aa5fe3', '', '1_6', 1545746331393, 1547812599824, 0, 0);
INSERT INTO `room` VALUES (288, '3575d710-084d-11e9-a567-470a0f92e677', 1, '雪舞宫', '8016', '0503b740-1721-11e9-b5e7-cd0a8c11a7bb', '', '1_6', 1545746331393, 1547812599824, 0, 0);
INSERT INTO `room` VALUES (289, '3575d710-084d-11e9-a567-470a0f92e677', 1, '雪舞宫', '8016', 'bf8e8db0-1b13-11e9-9392-4f5fb6d71560', '', '1_6', 1545746331393, 1547812599824, 0, 0);
INSERT INTO `room` VALUES (290, '3575d710-084d-11e9-a567-470a0f92e677', 1, '雪舞宫', '8016', 'c78db6c0-1b14-11e9-9392-4f5fb6d71560', '', '1_6', 1545746331393, 1547812599824, 0, 0);
INSERT INTO `room` VALUES (291, 'bc31d570-084c-11e9-a567-470a0f92e677', 3, '金箍棒', '9999', '1e7e14a0-1225-11e9-9989-d75a6f62cec3', '欢乐唱响', '2_1', 1545746480000, 1547812607339, 0, 0);
INSERT INTO `room` VALUES (292, 'bc31d570-084c-11e9-a567-470a0f92e677', 3, '金箍棒', '9999', '7985adb0-1223-11e9-9989-d75a6f62cec3', '欢乐唱响', '2_1', 1545746480000, 1547812607339, 0, 0);
INSERT INTO `room` VALUES (293, 'bc31d570-084c-11e9-a567-470a0f92e677', 3, '金箍棒', '9999', 'b67f0200-1720-11e9-b5e7-cd0a8c11a7bb', '欢乐唱响', '2_1', 1545746480000, 1547812607339, 0, 0);
INSERT INTO `room` VALUES (294, 'bc31d570-084c-11e9-a567-470a0f92e677', 3, '金箍棒', '9999', '9d1432e0-13f6-11e9-86ad-915cb8e24559', '欢乐唱响', '2_1', 1545746480000, 1547812607339, 0, 0);
INSERT INTO `room` VALUES (295, 'bc31d570-084c-11e9-a567-470a0f92e677', 3, '金箍棒', '9999', 'be0f43e0-1b17-11e9-9392-4f5fb6d71560', '欢乐唱响', '2_1', 1545746480000, 1547812607339, 0, 0);
INSERT INTO `room` VALUES (296, 'bc31d570-084c-11e9-a567-470a0f92e677', 3, '金箍棒', '9999', 'f5eda220-1b17-11e9-9392-4f5fb6d71560', '欢乐唱响', '2_1', 1545746480000, 1547812607339, 0, 0);
INSERT INTO `room` VALUES (297, '927b2a00-084d-11e9-a567-470a0f92e677', 2, '天赐宫', '8017', '4b53d400-121c-11e9-9989-d75a6f62cec3', '欢乐唱响', '2_2', 1545746487456, 1547812615192, 0, 0);
INSERT INTO `room` VALUES (298, '927b2a00-084d-11e9-a567-470a0f92e677', 2, '天赐宫', '8017', '94902cb0-1224-11e9-9989-d75a6f62cec3', '欢乐唱响', '2_2', 1545746487456, 1547812615192, 0, 0);
INSERT INTO `room` VALUES (299, '927b2a00-084d-11e9-a567-470a0f92e677', 2, '天赐宫', '8017', 'dae7fde0-1720-11e9-b5e7-cd0a8c11a7bb', '欢乐唱响', '2_2', 1545746487456, 1547812615192, 0, 0);
INSERT INTO `room` VALUES (300, '927b2a00-084d-11e9-a567-470a0f92e677', 2, '天赐宫', '8017', 'f0664fa0-1720-11e9-b5e7-cd0a8c11a7bb', '欢乐唱响', '2_2', 1545746487456, 1547812615192, 0, 0);
INSERT INTO `room` VALUES (301, '927b2a00-084d-11e9-a567-470a0f92e677', 2, '天赐宫', '8017', '0cb902c0-1b17-11e9-9392-4f5fb6d71560', '欢乐唱响', '2_2', 1545746487456, 1547812615192, 0, 0);
INSERT INTO `room` VALUES (302, '927b2a00-084d-11e9-a567-470a0f92e677', 2, '天赐宫', '8017', '35556f20-1b17-11e9-9392-4f5fb6d71560', '欢乐唱响', '2_2', 1545746487456, 1547812615192, 0, 0);
INSERT INTO `room` VALUES (303, 'a280ba00-084d-11e9-a567-470a0f92e677', 2, '玉华宫', '8019', '4b53d400-121c-11e9-9989-d75a6f62cec3', '欢乐唱响', '2_3', 1545746514336, 1547812624849, 0, 0);
INSERT INTO `room` VALUES (304, 'a280ba00-084d-11e9-a567-470a0f92e677', 2, '玉华宫', '8019', '94902cb0-1224-11e9-9989-d75a6f62cec3', '欢乐唱响', '2_3', 1545746514336, 1547812624849, 0, 0);
INSERT INTO `room` VALUES (305, 'a280ba00-084d-11e9-a567-470a0f92e677', 2, '玉华宫', '8019', 'dae7fde0-1720-11e9-b5e7-cd0a8c11a7bb', '欢乐唱响', '2_3', 1545746514336, 1547812624849, 0, 0);
INSERT INTO `room` VALUES (306, 'a280ba00-084d-11e9-a567-470a0f92e677', 2, '玉华宫', '8019', 'f0664fa0-1720-11e9-b5e7-cd0a8c11a7bb', '欢乐唱响', '2_3', 1545746514336, 1547812624849, 0, 0);
INSERT INTO `room` VALUES (307, 'a280ba00-084d-11e9-a567-470a0f92e677', 2, '玉华宫', '8019', '0cb902c0-1b17-11e9-9392-4f5fb6d71560', '欢乐唱响', '2_3', 1545746514336, 1547812624849, 0, 0);
INSERT INTO `room` VALUES (308, 'a280ba00-084d-11e9-a567-470a0f92e677', 2, '玉华宫', '8019', '35556f20-1b17-11e9-9392-4f5fb6d71560', '欢乐唱响', '2_3', 1545746514336, 1547812624849, 0, 0);
INSERT INTO `room` VALUES (309, 'b1c962a0-084d-11e9-a567-470a0f92e677', 2, '善岚宫', '8020', '4b53d400-121c-11e9-9989-d75a6f62cec3', '欢乐唱响', '2_4', 1545746539978, 1547812634621, 0, 0);
INSERT INTO `room` VALUES (310, 'b1c962a0-084d-11e9-a567-470a0f92e677', 2, '善岚宫', '8020', '94902cb0-1224-11e9-9989-d75a6f62cec3', '欢乐唱响', '2_4', 1545746539978, 1547812634621, 0, 0);
INSERT INTO `room` VALUES (311, 'b1c962a0-084d-11e9-a567-470a0f92e677', 2, '善岚宫', '8020', 'dae7fde0-1720-11e9-b5e7-cd0a8c11a7bb', '欢乐唱响', '2_4', 1545746539978, 1547812634621, 0, 0);
INSERT INTO `room` VALUES (312, 'b1c962a0-084d-11e9-a567-470a0f92e677', 2, '善岚宫', '8020', 'f0664fa0-1720-11e9-b5e7-cd0a8c11a7bb', '欢乐唱响', '2_4', 1545746539978, 1547812634621, 0, 0);
INSERT INTO `room` VALUES (313, 'b1c962a0-084d-11e9-a567-470a0f92e677', 2, '善岚宫', '8020', '0cb902c0-1b17-11e9-9392-4f5fb6d71560', '欢乐唱响', '2_4', 1545746539978, 1547812634621, 0, 0);
INSERT INTO `room` VALUES (314, 'b1c962a0-084d-11e9-a567-470a0f92e677', 2, '善岚宫', '8020', '35556f20-1b17-11e9-9392-4f5fb6d71560', '欢乐唱响', '2_4', 1545746539978, 1547812634621, 0, 0);
INSERT INTO `room` VALUES (315, 'c063c9e0-084d-11e9-a567-470a0f92e677', 1, '凌妍阁', '8021', '31eada50-104a-11e9-a1db-0d5fe7aa5fe3', '欢乐唱响', '2_5', 1545746564478, 1547812642093, 0, 0);
INSERT INTO `room` VALUES (316, 'c063c9e0-084d-11e9-a567-470a0f92e677', 1, '凌妍阁', '8021', 'de2d8030-1223-11e9-9989-d75a6f62cec3', '欢乐唱响', '2_5', 1545746564478, 1547812642093, 0, 0);
INSERT INTO `room` VALUES (317, 'c063c9e0-084d-11e9-a567-470a0f92e677', 1, '凌妍阁', '8021', '0503b740-1721-11e9-b5e7-cd0a8c11a7bb', '欢乐唱响', '2_5', 1545746564478, 1547812642093, 0, 0);
INSERT INTO `room` VALUES (318, 'c063c9e0-084d-11e9-a567-470a0f92e677', 1, '凌妍阁', '8021', '15e48c10-1721-11e9-b5e7-cd0a8c11a7bb', '欢乐唱响', '2_5', 1545746564478, 1547812642093, 0, 0);
INSERT INTO `room` VALUES (319, 'c063c9e0-084d-11e9-a567-470a0f92e677', 1, '凌妍阁', '8021', 'bf8e8db0-1b13-11e9-9392-4f5fb6d71560', '欢乐唱响', '2_5', 1545746564478, 1547812642093, 0, 0);
INSERT INTO `room` VALUES (320, 'c063c9e0-084d-11e9-a567-470a0f92e677', 1, '凌妍阁', '8021', 'c78db6c0-1b14-11e9-9392-4f5fb6d71560', '欢乐唱响', '2_5', 1545746564478, 1547812642093, 0, 0);
INSERT INTO `room` VALUES (321, 'cc421e60-084d-11e9-a567-470a0f92e677', 2, '昭阳宫', '8022', '4b53d400-121c-11e9-9989-d75a6f62cec3', '欢乐唱响', '2_6', 1545746584390, 1547812650044, 0, 0);
INSERT INTO `room` VALUES (322, 'cc421e60-084d-11e9-a567-470a0f92e677', 2, '昭阳宫', '8022', '94902cb0-1224-11e9-9989-d75a6f62cec3', '欢乐唱响', '2_6', 1545746584390, 1547812650044, 0, 0);
INSERT INTO `room` VALUES (323, 'cc421e60-084d-11e9-a567-470a0f92e677', 2, '昭阳宫', '8022', 'dae7fde0-1720-11e9-b5e7-cd0a8c11a7bb', '欢乐唱响', '2_6', 1545746584390, 1547812650044, 0, 0);
INSERT INTO `room` VALUES (324, 'cc421e60-084d-11e9-a567-470a0f92e677', 2, '昭阳宫', '8022', 'f0664fa0-1720-11e9-b5e7-cd0a8c11a7bb', '欢乐唱响', '2_6', 1545746584390, 1547812650044, 0, 0);
INSERT INTO `room` VALUES (325, 'cc421e60-084d-11e9-a567-470a0f92e677', 2, '昭阳宫', '8022', '0cb902c0-1b17-11e9-9392-4f5fb6d71560', '欢乐唱响', '2_6', 1545746584390, 1547812650044, 0, 0);
INSERT INTO `room` VALUES (326, 'cc421e60-084d-11e9-a567-470a0f92e677', 2, '昭阳宫', '8022', '35556f20-1b17-11e9-9392-4f5fb6d71560', '欢乐唱响', '2_6', 1545746584390, 1547812650044, 0, 0);
INSERT INTO `room` VALUES (333, '1f69c440-084d-11e9-a567-470a0f92e677', 2, '景殿宫', '8015', '0cb902c0-1b17-11e9-9392-4f5fb6d71560', '欢乐唱响', '1_5', 1545746294404, 1549086756192, 0, 0);
INSERT INTO `room` VALUES (334, '1f69c440-084d-11e9-a567-470a0f92e677', 2, '景殿宫', '8015', '4b53d400-121c-11e9-9989-d75a6f62cec3', '欢乐唱响', '1_5', 1545746294404, 1549086756192, 0, 0);
INSERT INTO `room` VALUES (335, '1f69c440-084d-11e9-a567-470a0f92e677', 2, '景殿宫', '8015', '94902cb0-1224-11e9-9989-d75a6f62cec3', '欢乐唱响', '1_5', 1545746294404, 1549086756192, 0, 0);
INSERT INTO `room` VALUES (336, '1f69c440-084d-11e9-a567-470a0f92e677', 2, '景殿宫', '8015', 'f0664fa0-1720-11e9-b5e7-cd0a8c11a7bb', '欢乐唱响', '1_5', 1545746294404, 1549086756192, 0, 0);
INSERT INTO `room` VALUES (337, '1f69c440-084d-11e9-a567-470a0f92e677', 2, '景殿宫', '8015', '35556f20-1b17-11e9-9392-4f5fb6d71560', '欢乐唱响', '1_5', 1545746294404, 1549086756192, 0, 0);
INSERT INTO `room` VALUES (338, '1f69c440-084d-11e9-a567-470a0f92e677', 2, '景殿宫', '8015', 'dae7fde0-1720-11e9-b5e7-cd0a8c11a7bb', '欢乐唱响', '1_5', 1545746294404, 1549086756192, 0, 0);
INSERT INTO `room` VALUES (339, 'fb867db0-084d-11e9-a567-470a0f92e677', 2, '薰梦宫', '8023', '4b53d400-121c-11e9-9989-d75a6f62cec3', '票', '2_7', 1545746663691, 1550919470265, 0, 0);
INSERT INTO `room` VALUES (340, 'fb867db0-084d-11e9-a567-470a0f92e677', 2, '薰梦宫', '8023', '94902cb0-1224-11e9-9989-d75a6f62cec3', '票', '2_7', 1545746663691, 1550919470265, 0, 0);
INSERT INTO `room` VALUES (341, 'fb867db0-084d-11e9-a567-470a0f92e677', 2, '薰梦宫', '8023', '0cb902c0-1b17-11e9-9392-4f5fb6d71560', '票', '2_7', 1545746663691, 1550919470265, 0, 0);
INSERT INTO `room` VALUES (342, 'fb867db0-084d-11e9-a567-470a0f92e677', 2, '薰梦宫', '8023', '35556f20-1b17-11e9-9392-4f5fb6d71560', '票', '2_7', 1545746663691, 1550919470265, 0, 0);
INSERT INTO `room` VALUES (343, 'fb867db0-084d-11e9-a567-470a0f92e677', 2, '薰梦宫', '8023', 'dae7fde0-1720-11e9-b5e7-cd0a8c11a7bb', '票', '2_7', 1545746663691, 1550919470265, 0, 0);
INSERT INTO `room` VALUES (344, 'fb867db0-084d-11e9-a567-470a0f92e677', 2, '薰梦宫', '8023', 'f0664fa0-1720-11e9-b5e7-cd0a8c11a7bb', '票', '2_7', 1545746663691, 1550919470265, 0, 0);
COMMIT;

-- ----------------------------
-- Table structure for roomorder
-- ----------------------------
DROP TABLE IF EXISTS `roomorder`;
CREATE TABLE `roomorder` (
  `id` int(11) NOT NULL AUTO_INCREMENT,
  `nun` varchar(50) DEFAULT NULL,
  `room` varchar(50) NOT NULL,
  `close` int(11) NOT NULL DEFAULT '0' COMMENT '0：使用中，1：关闭',
  `package` varchar(50) DEFAULT NULL,
  `packageType` int(11) DEFAULT NULL,
  `grpSelected` varchar(50) DEFAULT NULL,
  `goods` varchar(255) DEFAULT NULL,
  `qty` varchar(255) DEFAULT NULL,
  `stockGoods` varchar(255) DEFAULT NULL COMMENT '使用寄存中的商品',
  `stockQty` varchar(255) DEFAULT NULL,
  `depositGoods` varchar(255) DEFAULT NULL COMMENT '寄存商品',
  `depositQty` varchar(255) DEFAULT NULL,
  `startTime` bigint(20) NOT NULL COMMENT '下单时间',
  `endTime` bigint(20) DEFAULT NULL,
  `vip` varchar(50) DEFAULT NULL,
  `totalPrice` decimal(10,2) DEFAULT NULL,
  `discount` decimal(10,2) DEFAULT NULL,
  `payMethod` int(11) DEFAULT NULL,
  `user` varchar(50) DEFAULT NULL COMMENT '收银员',
  `printTime` bigint(20) DEFAULT NULL COMMENT '打单时间',
  `createTime` bigint(20) NOT NULL,
  `off` int(11) DEFAULT '0',
  PRIMARY KEY (`id`) USING BTREE
) ENGINE=InnoDB AUTO_INCREMENT=247 DEFAULT CHARSET=utf8 ROW_FORMAT=DYNAMIC;

-- ----------------------------
-- Records of roomorder
-- ----------------------------
BEGIN;
INSERT INTO `roomorder` VALUES (2, '241547733912327', '6666', 1, '9d1432e0-13f6-11e9-86ad-915cb8e24559', 1, '', '', '', '', '', '', '', 1547733921158, 1547733923703, NULL, 100.00, NULL, 4, '收银员1', NULL, 1547733912327, 0);
INSERT INTO `roomorder` VALUES (3, '171547734038029', '8015', 1, '94902cb0-1224-11e9-9989-d75a6f62cec3', 1, '2', '', '', '', '', '', '', 1547734046791, 1547734062875, NULL, 168.00, 68.00, 4, '收银员1', NULL, 1547734038029, 0);
INSERT INTO `roomorder` VALUES (4, '371547734142096', '8016', 1, 'de2d8030-1223-11e9-9989-d75a6f62cec3', 1, '2', '18', '3', '', '', '', '', 1547734150853, 1547734163608, NULL, 128.00, NULL, 2, '收银员1', NULL, 1547734142096, 0);
INSERT INTO `roomorder` VALUES (6, '251547815403715', '6666', 1, 'f5eda220-1b17-11e9-9392-4f5fb6d71560', 2, '', '24', '5', '', '', '', '', 1547815415162, 1547815509369, NULL, 328.00, 28.00, 4, '陈亮', NULL, 1547815403715, 0);
INSERT INTO `roomorder` VALUES (7, '021547896774077', '6666', 1, 'b67f0200-1720-11e9-b5e7-cd0a8c11a7bb', 2, '', '26', '1', '', '', '', '', 1547896787361, 1547896798592, NULL, 156.00, NULL, 4, '收银员1', NULL, 1547896774077, 0);
INSERT INTO `roomorder` VALUES (8, '011547902707864', '8016', 1, '31eada50-104a-11e9-a1db-0d5fe7aa5fe3', 2, '2', '2,24,29', '10,2,1', '', '', '', '', 1547902721098, 1547904322250, NULL, 282.00, 11.00, 4, '陈亮', NULL, 1547902707864, 0);
INSERT INTO `roomorder` VALUES (9, '131548070934008', '8011', 1, '4b53d400-121c-11e9-9989-d75a6f62cec3', 2, '2', '26,30', '2,2', '', '', '', '', 1548070951029, 1548071629809, NULL, 222.00, 48.00, 4, '收银员1', NULL, 1548070934008, 0);
INSERT INTO `roomorder` VALUES (11, '911548159885626', '8011', 1, '4b53d400-121c-11e9-9989-d75a6f62cec3', 2, '2', '2', '10', '', '', '', '', 1548159904193, 1548165692138, NULL, 278.00, 18.00, 2, '收银员1', NULL, 1548159885626, 0);
INSERT INTO `roomorder` VALUES (12, '671548164546317', '8012', 1, '4b53d400-121c-11e9-9989-d75a6f62cec3', 2, '2', '', '', '', '', '', '', 1548164564841, 1548168952733, NULL, 198.00, 48.00, 2, '陈亮', NULL, 1548164546317, 0);
INSERT INTO `roomorder` VALUES (14, '771548329907722', '8011', 1, '4b53d400-121c-11e9-9989-d75a6f62cec3', 2, '2', '7,18,20,24,30', '2,2,1,3,1', '', '', '', '', 1548329929767, 1548338819545, NULL, 256.00, NULL, 2, '收银员1', NULL, 1548329907722, 0);
INSERT INTO `roomorder` VALUES (15, '101548397081685', '8016', 1, '0503b740-1721-11e9-b5e7-cd0a8c11a7bb', 1, '', '18', '2', '', '', '', '', 1548397105412, 1548399995928, NULL, 70.00, NULL, 4, '收银员1', NULL, 1548397081685, 0);
INSERT INTO `roomorder` VALUES (16, '511548406031288', '8016', 1, '0503b740-1721-11e9-b5e7-cd0a8c11a7bb', 1, '', '', '', NULL, NULL, NULL, NULL, 1548406055016, 1548406037732, NULL, NULL, 30.00, 4, '陈亮', NULL, 1548406031288, 0);
INSERT INTO `roomorder` VALUES (17, '221548426128065', '9999', 1, 'f5eda220-1b17-11e9-9392-4f5fb6d71560', 2, '', '', '', '', '', '', '', 1548426151598, 1548426168904, NULL, 318.00, 118.00, 4, '收银员1', NULL, 1548426128065, 0);
INSERT INTO `roomorder` VALUES (18, '201548507497568', '8011', 1, '35556f20-1b17-11e9-9392-4f5fb6d71560', 2, '', '2', '13', '', '', '', '', 1548507523478, 1548518245290, NULL, 264.00, 40.00, 1, '收银员1', NULL, 1548507497568, 0);
INSERT INTO `roomorder` VALUES (19, '261548512103338', '8016', 1, '31eada50-104a-11e9-a1db-0d5fe7aa5fe3', 2, '2', '', '', '', '', '', '', 1548512129281, 1548512575945, NULL, 158.00, 8.00, 1, '收银员1', NULL, 1548512103338, 1);
INSERT INTO `roomorder` VALUES (20, '291548512880561', '8016', 1, '31eada50-104a-11e9-a1db-0d5fe7aa5fe3', 2, '2', '2', '6', '', '', '', '', 1548512906494, 1548516218964, NULL, 206.00, 8.00, 1, '收银员1', NULL, 1548512880561, 0);
INSERT INTO `roomorder` VALUES (21, '001548579884702', '8011', 1, '94902cb0-1224-11e9-9989-d75a6f62cec3', 1, '2', '2', '4', '', '', '', '', 1548579911854, 1548579902669, NULL, 200.00, NULL, 2, '收银员1', NULL, 1548579884702, 0);
INSERT INTO `roomorder` VALUES (23, '391548596603566', '6666', 1, 'f5eda220-1b17-11e9-9392-4f5fb6d71560', 2, '', '2', '30', '', '', '', '', 1548596631085, 1548602297386, NULL, 558.00, 108.00, 2, '收银员1', NULL, 1548596603566, 0);
INSERT INTO `roomorder` VALUES (24, '991548654460855', '9999', 1, '9d1432e0-13f6-11e9-86ad-915cb8e24559', 1, '', '', '', '', '', '', '', 1548654489701, 1548654475423, NULL, 100.00, NULL, 1, '收银员1', NULL, 1548654460855, 0);
INSERT INTO `roomorder` VALUES (25, '271548676815658', '8011', 1, '4b53d400-121c-11e9-9989-d75a6f62cec3', 2, '2', '', '', '', '', '', '', 1548676844717, 1548678793816, NULL, 198.00, 48.00, 4, '收银员1', NULL, 1548676815658, 0);
INSERT INTO `roomorder` VALUES (26, '121548676833078', '8016', 1, '31eada50-104a-11e9-a1db-0d5fe7aa5fe3', 2, '2', '20', '3', '', '', '', '', 1548676862138, 1548686567440, NULL, 216.00, 30.00, 2, '收银员1', NULL, 1548676833078, 0);
INSERT INTO `roomorder` VALUES (27, '791548678376465', '8012', 1, '35556f20-1b17-11e9-9392-4f5fb6d71560', 2, '', '5,18,20,30', '2,1,4,1', '', '', '', '', 1548678405499, 1548686496479, NULL, 212.00, 8.00, 2, '收银员1', NULL, 1548678376465, 0);
INSERT INTO `roomorder` VALUES (28, '281548771020755', '6666', 1, '7985adb0-1223-11e9-9989-d75a6f62cec3', 2, '2', '', '', '', '', '', '', 1548771052058, 1548771651378, NULL, 598.00, NULL, 2, '陈亮', NULL, 1548771020755, 0);
INSERT INTO `roomorder` VALUES (29, '201548771091385', '8016', 1, '31eada50-104a-11e9-a1db-0d5fe7aa5fe3', 2, '2', '2', '1', '', '', '', '', 1548771122689, 1548771546275, NULL, 206.00, 6.00, 2, '陈亮', NULL, 1548771091385, 1);
INSERT INTO `roomorder` VALUES (30, '811548771128425', '8011', 1, '4b53d400-121c-11e9-9989-d75a6f62cec3', 2, '3', '', '', '', '', '', '', 1548771159729, 1548776831144, NULL, 298.00, NULL, 2, '陈亮', NULL, 1548771128425, 0);
INSERT INTO `roomorder` VALUES (31, '031548771140965', '8012', 1, '4b53d400-121c-11e9-9989-d75a6f62cec3', 2, '2', '2', '10', '', '', '', '', 1548771172268, 1548774457310, NULL, 378.00, NULL, 2, '陈亮', NULL, 1548771140965, 0);
INSERT INTO `roomorder` VALUES (32, '761548771159927', '8013', 1, '4b53d400-121c-11e9-9989-d75a6f62cec3', 2, '2', '', '', '', '', '', '', 1548771191227, 1548775179024, NULL, 298.00, NULL, 2, '陈亮', NULL, 1548771159927, 0);
INSERT INTO `roomorder` VALUES (33, '151548773703884', '8016', 1, '31eada50-104a-11e9-a1db-0d5fe7aa5fe3', 2, '2', '', '', NULL, NULL, NULL, NULL, 1548773735159, 1548773717209, NULL, NULL, NULL, 1, '陈亮', NULL, 1548773703884, 0);
INSERT INTO `roomorder` VALUES (34, '671548775153222', '8012', 1, '4b53d400-121c-11e9-9989-d75a6f62cec3', 2, '2', '2', '10', '', '', '', '', 1548775184485, 1548778381426, NULL, 378.00, NULL, 2, '陈亮', NULL, 1548775153222, 0);
INSERT INTO `roomorder` VALUES (36, '381548836094889', '8016', 1, 'de2d8030-1223-11e9-9989-d75a6f62cec3', 1, '2', '', '', '', '', '', '', 1548836127026, 1548836106194, NULL, 168.00, NULL, 4, '陈亮', NULL, 1548836094889, 0);
INSERT INTO `roomorder` VALUES (37, '341548852459162', '8012', 1, '4b53d400-121c-11e9-9989-d75a6f62cec3', 2, '2', '2', '10', '', '', '', '', 1548852491757, 1548862731895, NULL, 378.00, NULL, 4, '陈亮', NULL, 1548852459162, 0);
INSERT INTO `roomorder` VALUES (38, '351548914321911', '8016', 1, '0503b740-1721-11e9-b5e7-cd0a8c11a7bb', 1, '', '', '', '', '', '', '', 1548914355778, 1548916696996, NULL, 120.00, NULL, 2, '陈亮', NULL, 1548914321911, 0);
INSERT INTO `roomorder` VALUES (39, '481548929082529', '8016', 1, '31eada50-104a-11e9-a1db-0d5fe7aa5fe3', 2, '2', '', '', '', '', '', '', 1548929116809, 1548948236417, NULL, 198.00, NULL, 2, '陈亮', NULL, 1548929082529, 0);
INSERT INTO `roomorder` VALUES (40, '601548933490984', '6666', 1, '7985adb0-1223-11e9-9989-d75a6f62cec3', 2, '2', '', '', '', '', '', '', 1548933525538, 1548938450543, NULL, 598.00, NULL, 2, '陈亮', NULL, 1548933490984, 0);
INSERT INTO `roomorder` VALUES (41, '091548934895720', '8021', 1, '31eada50-104a-11e9-a1db-0d5fe7aa5fe3', 2, '2', '', '', '', '', '', '', 1548934930260, 1548939619168, NULL, 198.00, NULL, 2, '陈亮', NULL, 1548934895720, 0);
INSERT INTO `roomorder` VALUES (42, '911548935703990', '8011', 1, '4b53d400-121c-11e9-9989-d75a6f62cec3', 2, '23', '2,3,14,29', '3,48,1,3', '', '', '', '', 1548935738525, 1548949976943, NULL, 900.00, 4.00, 2, '陈亮', NULL, 1548935703990, 0);
INSERT INTO `roomorder` VALUES (43, '371548936044508', '9999', 1, '7985adb0-1223-11e9-9989-d75a6f62cec3', 2, '2', '2,14', '10,1', '', '', '', '', 1548936078978, 1548946898699, NULL, 716.00, 80.00, 2, '陈亮', NULL, 1548936044508, 0);
INSERT INTO `roomorder` VALUES (44, '011548937017258', '8012', 1, '4b53d400-121c-11e9-9989-d75a6f62cec3', 2, '2', '7,24,25,29', '1,8,3,2', '', '', '', '', 1548937051780, 1548948216893, NULL, 373.00, 8.00, 4, '陈亮', NULL, 1548937017258, 0);
INSERT INTO `roomorder` VALUES (45, '811549003102140', '8011', 1, 'dae7fde0-1720-11e9-b5e7-cd0a8c11a7bb', 1, '', '', '', NULL, NULL, NULL, NULL, 1549003138262, 1549009317692, NULL, NULL, 68.00, 4, '收银员1', NULL, 1549003102140, 1);
INSERT INTO `roomorder` VALUES (46, '951549012588660', '8016', 1, '0503b740-1721-11e9-b5e7-cd0a8c11a7bb', 1, '', '', '', '', '', '', '', 1549012624414, 1549012611405, NULL, 120.00, 20.00, 4, '收银员1', NULL, 1549012588660, 0);
INSERT INTO `roomorder` VALUES (48, '421549025301616', '8016', 1, '31eada50-104a-11e9-a1db-0d5fe7aa5fe3', 2, '2', '2', '23', '', '', '', '', 1549025337929, 1549033293414, NULL, 382.00, 2.00, 1, '收银员1', NULL, 1549025301616, 0);
INSERT INTO `roomorder` VALUES (49, '271549088095882', '8016', 1, '0503b740-1721-11e9-b5e7-cd0a8c11a7bb', 1, '', '', '', '', '', '', '', 1549088133328, 1549088104298, NULL, 120.00, NULL, 4, '陈亮', NULL, 1549088095882, 0);
INSERT INTO `roomorder` VALUES (50, '101549107333083', '8016', 1, '31eada50-104a-11e9-a1db-0d5fe7aa5fe3', 2, '2', '7', '2', '', '', '', '', 1549107370728, 1549119325702, NULL, 218.00, NULL, 4, '陈亮', NULL, 1549107333083, 0);
INSERT INTO `roomorder` VALUES (51, '421549109054605', '6666', 1, '7985adb0-1223-11e9-9989-d75a6f62cec3', 2, '2', '2,6,24,29', '13,1,7,1', '', '', '', '', 1549109092237, 1549119134460, NULL, 742.00, 16.00, 2, '陈亮', NULL, 1549109054605, 0);
INSERT INTO `roomorder` VALUES (52, '421549109466983', '8012', 1, '4b53d400-121c-11e9-9989-d75a6f62cec3', 2, '2', '2,7,24', '13,1,2', '', '', '', '', 1549109504606, 1549117335378, NULL, 416.00, 8.00, 2, '陈亮', NULL, 1549109466983, 0);
INSERT INTO `roomorder` VALUES (53, '281549176564954', '6666', 1, '9d1432e0-13f6-11e9-86ad-915cb8e24559', 1, '', '2', '6', '', '', '', '', 1549176604330, 1549184323186, NULL, 316.00, 68.00, 4, '陈亮', NULL, 1549176564954, 0);
INSERT INTO `roomorder` VALUES (54, '551549189455707', '8011', 1, '4b53d400-121c-11e9-9989-d75a6f62cec3', 2, '2', '3,5', '12,2', '', '', '', '', 1549189495373, 1549208032102, NULL, 430.00, NULL, 2, '陈亮', NULL, 1549189455707, 0);
INSERT INTO `roomorder` VALUES (55, '581549193937639', '8012', 1, '4b53d400-121c-11e9-9989-d75a6f62cec3', 2, '2', '', '', '', '', '', '', 1549193977256, 1549208036647, NULL, 298.00, NULL, 4, '陈亮', NULL, 1549193937639, 0);
INSERT INTO `roomorder` VALUES (57, '211549195715870', '8016', 1, '31eada50-104a-11e9-a1db-0d5fe7aa5fe3', 2, '2', '', '', '', '', '', '', 1549195755475, 1549209051189, NULL, 198.00, NULL, 2, '陈亮', NULL, 1549195715870, 0);
INSERT INTO `roomorder` VALUES (58, '261549195813143', '6666', 1, '7985adb0-1223-11e9-9989-d75a6f62cec3', 2, '23', '2', '72', '', '', '', '', 1549195852746, 1549208022032, NULL, 1174.00, 6.00, 4, '陈亮', NULL, 1549195813143, 0);
INSERT INTO `roomorder` VALUES (59, '521549196031501', '8013', 1, '4b53d400-121c-11e9-9989-d75a6f62cec3', 2, '2', '', '', '', '', '', '', 1549196071105, 1549209043871, NULL, 298.00, NULL, 2, '陈亮', NULL, 1549196031501, 0);
INSERT INTO `roomorder` VALUES (60, '541549196503789', '8015', 1, '4b53d400-121c-11e9-9989-d75a6f62cec3', 2, '2', '', '', '', '', '', '', 1549196543388, 1549208045067, NULL, 298.00, NULL, 2, '陈亮', NULL, 1549196503789, 0);
INSERT INTO `roomorder` VALUES (61, '021549197706332', '8017', 1, '4b53d400-121c-11e9-9989-d75a6f62cec3', 2, '23', '', '', '', '', '', '', 1549197745917, 1549200515835, NULL, 298.00, NULL, 4, '陈亮', NULL, 1549197706332, 0);
INSERT INTO `roomorder` VALUES (62, '171549198211794', '8019', 1, '4b53d400-121c-11e9-9989-d75a6f62cec3', 2, '3', '3', '30', '', '', '', '', 1549198251380, 1549211392409, NULL, 598.00, NULL, 4, '陈亮', NULL, 1549198211794, 0);
INSERT INTO `roomorder` VALUES (64, '511549204635994', '8021', 1, '31eada50-104a-11e9-a1db-0d5fe7aa5fe3', 2, '2', '', '', '', '', '', '', 1549204675454, 1549211385372, NULL, 198.00, NULL, 4, '陈亮', NULL, 1549204635994, 0);
INSERT INTO `roomorder` VALUES (65, '181549260833599', '8016', 1, '0503b740-1721-11e9-b5e7-cd0a8c11a7bb', 1, '', '', '', '', '', '', '', 1549260875225, 1549273519109, NULL, 120.00, 20.00, 2, '收银员1', NULL, 1549260833599, 0);
INSERT INTO `roomorder` VALUES (66, '171549264661119', '8021', 1, '0503b740-1721-11e9-b5e7-cd0a8c11a7bb', 1, '', '', '', NULL, NULL, NULL, NULL, 1549264702351, 1549274218912, NULL, NULL, NULL, 1, '收银员1', NULL, 1549264661119, 0);
INSERT INTO `roomorder` VALUES (67, '461549270802864', '8013', 1, '4b53d400-121c-11e9-9989-d75a6f62cec3', 2, '2', '2,29', '24,1', '', '', '', '', 1549270844126, 1549288795941, NULL, 510.00, NULL, 2, '收银员1', NULL, 1549270802864, 0);
INSERT INTO `roomorder` VALUES (68, '261549271440267', '8011', 1, '4b53d400-121c-11e9-9989-d75a6f62cec3', 2, '2', '6', '5', '', '', '', '', 1549271481523, 1549293520591, NULL, 328.00, NULL, 2, '收银员1', NULL, 1549271440267, 0);
INSERT INTO `roomorder` VALUES (69, '821549274462140', '8015', 1, '4b53d400-121c-11e9-9989-d75a6f62cec3', 2, '3', '', '', '', '', '', '', 1549274503363, 1549292112926, NULL, 298.00, NULL, 1, '收银员1', NULL, 1549274462140, 0);
INSERT INTO `roomorder` VALUES (71, '551549276035254', '8019', 1, '4b53d400-121c-11e9-9989-d75a6f62cec3', 2, '2', '', '', '', '', '', '', 1549276076464, 1549284026362, NULL, 298.00, NULL, 2, '收银员1', NULL, 1549276035254, 0);
INSERT INTO `roomorder` VALUES (72, '941549276377231', '8020', 1, '4b53d400-121c-11e9-9989-d75a6f62cec3', 2, '23', '2', '24', '', '', '', '', 1549276418370, 1549291429101, NULL, 490.00, NULL, 2, '收银员1', NULL, 1549276377231, 0);
INSERT INTO `roomorder` VALUES (73, '031549277545528', '9999', 1, '7985adb0-1223-11e9-9989-d75a6f62cec3', 2, '23', '', '', '', '', '', '', 1549277586723, 1549295373974, NULL, 598.00, NULL, 2, '收银员1', NULL, 1549277545528, 0);
INSERT INTO `roomorder` VALUES (74, '251549277910538', '8021', 1, '31eada50-104a-11e9-a1db-0d5fe7aa5fe3', 2, '2', '2,23', '12,1', '', '', '', '', 1549277951730, 1549291194398, NULL, 304.00, NULL, 4, '收银员1', NULL, 1549277910538, 0);
INSERT INTO `roomorder` VALUES (75, '751549279037309', '8022', 1, '4b53d400-121c-11e9-9989-d75a6f62cec3', 2, '2', '2', '24', '', '', '', '', 1549279078491, 1549288366604, NULL, 490.00, NULL, 2, '收银员1', NULL, 1549279037309, 0);
INSERT INTO `roomorder` VALUES (76, '841549279621935', '8023', 1, '4b53d400-121c-11e9-9989-d75a6f62cec3', 2, '2', '', '', '', '', '', '', 1549279663112, 1549289884598, NULL, 298.00, NULL, 2, '收银员1', NULL, 1549279621935, 0);
INSERT INTO `roomorder` VALUES (77, '621549279676777', '8016', 1, '31eada50-104a-11e9-a1db-0d5fe7aa5fe3', 2, '2', '2', '5', '', '', '', '', 1549279717955, 1549292791619, NULL, 238.00, NULL, 2, '收银员1', NULL, 1549279676777, 0);
INSERT INTO `roomorder` VALUES (78, '731549285303739', '6666', 1, '7985adb0-1223-11e9-9989-d75a6f62cec3', 2, '23', '2,7,27', '48,1,2', '', '', '', '', 1549285344856, 1549295313175, NULL, 1004.00, NULL, 2, '收银员1', NULL, 1549285303739, 0);
INSERT INTO `roomorder` VALUES (79, '831549286112440', '8012', 1, '4b53d400-121c-11e9-9989-d75a6f62cec3', 2, '2', '2', '29', '', '', '', '', 1549286153558, 1549295368959, NULL, 530.00, 40.00, 2, '收银员1', NULL, 1549286112440, 0);
INSERT INTO `roomorder` VALUES (80, '411549287655271', '8019', 1, '4b53d400-121c-11e9-9989-d75a6f62cec3', 2, '2', '2', '16', '', '', '', '', 1549287696298, 1549297032227, NULL, 426.00, 28.00, 1, '收银员1', NULL, 1549287655271, 0);
INSERT INTO `roomorder` VALUES (81, '251549342806885', '8011', 1, '94902cb0-1224-11e9-9989-d75a6f62cec3', 1, '3', '', '', '', '', '', '', 1549342850424, 1549356813074, NULL, 198.00, NULL, 2, '陈亮', NULL, 1549342806885, 0);
INSERT INTO `roomorder` VALUES (82, '911549355467280', '8012', 1, '4b53d400-121c-11e9-9989-d75a6f62cec3', 2, '2', '2', '13', '', '', '', '', 1549355510197, 1549380096112, NULL, 402.00, 2.00, 1, '陈亮', NULL, 1549355467280, 0);
INSERT INTO `roomorder` VALUES (83, '021549355620777', '8013', 1, '4b53d400-121c-11e9-9989-d75a6f62cec3', 2, '2', '2', '13', '', '', '', '', 1549355663690, 1549372924352, NULL, 402.00, NULL, 4, '陈亮', NULL, 1549355620777, 0);
INSERT INTO `roomorder` VALUES (84, '571549359964982', '8016', 1, '31eada50-104a-11e9-a1db-0d5fe7aa5fe3', 2, '2', '29', '1', '', '', '', '', 1549360007781, 1549379021390, NULL, 218.00, NULL, 2, '陈亮', NULL, 1549359964982, 0);
INSERT INTO `roomorder` VALUES (85, '181549360271144', '8011', 1, '4b53d400-121c-11e9-9989-d75a6f62cec3', 2, '2', '2,6,16,18,19,22', '24,1,1,1,3,1', '', '', '', '', 1549360314014, 1549385172385, NULL, 620.00, 8.00, 1, '陈亮', NULL, 1549360271144, 0);
INSERT INTO `roomorder` VALUES (86, '691549360364237', '8021', 1, '31eada50-104a-11e9-a1db-0d5fe7aa5fe3', 2, '2', '2', '29', '', '', '', '', 1549360407110, 1549385321258, NULL, 430.00, 22.00, 2, '陈亮', NULL, 1549360364237, 0);
INSERT INTO `roomorder` VALUES (87, '191549363429889', '8019', 1, '4b53d400-121c-11e9-9989-d75a6f62cec3', 2, '3', '3', '34', '', '', '', '', 1549363472730, 1549385317974, NULL, 638.00, NULL, 2, '陈亮', NULL, 1549363429889, 0);
INSERT INTO `roomorder` VALUES (89, '371549364756134', '8022', 1, '4b53d400-121c-11e9-9989-d75a6f62cec3', 2, '2', '', '', '', '', '', '', 1549364798963, 1549379602659, NULL, 298.00, NULL, 4, '陈亮', NULL, 1549364756134, 0);
INSERT INTO `roomorder` VALUES (90, '561549365056608', '8020', 1, '4b53d400-121c-11e9-9989-d75a6f62cec3', 2, '2', '', '', '', '', '', '', 1549365099434, 1549379054007, NULL, 298.00, NULL, 4, '陈亮', NULL, 1549365056608, 0);
INSERT INTO `roomorder` VALUES (91, '681549365904157', '6666', 1, '7985adb0-1223-11e9-9989-d75a6f62cec3', 2, '2', '3', '40', '', '', '', '', 1549365946892, 1549380759149, NULL, 998.00, NULL, 2, '陈亮', NULL, 1549365904157, 0);
INSERT INTO `roomorder` VALUES (92, '231549366173137', '9999', 1, '7985adb0-1223-11e9-9989-d75a6f62cec3', 2, '2', '29', '1', '', '', '', '', 1549366215954, 1549385331708, NULL, 618.00, NULL, 2, '陈亮', NULL, 1549366173137, 0);
INSERT INTO `roomorder` VALUES (93, '691549366449733', '8015', 1, '4b53d400-121c-11e9-9989-d75a6f62cec3', 2, '2', '', '', NULL, NULL, NULL, NULL, 1549366492485, 1549385314775, NULL, NULL, NULL, 2, '陈亮', NULL, 1549366449733, 0);
INSERT INTO `roomorder` VALUES (95, '711549370838763', '8017', 1, '4b53d400-121c-11e9-9989-d75a6f62cec3', 2, '2', '2', '6', '', '', '', '', 1549370881535, 1549379038303, NULL, 346.00, 48.00, 2, '陈亮', NULL, 1549370838763, 0);
INSERT INTO `roomorder` VALUES (96, '071549373737074', '8013', 1, '4b53d400-121c-11e9-9989-d75a6f62cec3', 2, '2', '2', '24', '', '', '', '', 1549373779817, 1549385310951, NULL, 490.00, NULL, 2, '陈亮', NULL, 1549373737074, 0);
INSERT INTO `roomorder` VALUES (97, '381549379925244', '8023', 1, '4b53d400-121c-11e9-9989-d75a6f62cec3', 2, '2', '', '', '', '', '', '', 1549379967926, 1549379937321, NULL, 298.00, NULL, 4, '陈亮', NULL, 1549379925244, 0);
INSERT INTO `roomorder` VALUES (98, '641549429823827', '8016', 1, 'de2d8030-1223-11e9-9989-d75a6f62cec3', 1, '2', '2,7,20', '6,4,1', '', '', '', '', 1549429869268, 1549444164917, NULL, 262.00, 1.00, 4, '陈亮', NULL, 1549429823827, 0);
INSERT INTO `roomorder` VALUES (99, '641549432098322', '8011', 1, 'dae7fde0-1720-11e9-b5e7-cd0a8c11a7bb', 1, '', '7', '1', '', '', '', '', 1549432143823, 1549445300470, NULL, 178.00, NULL, 2, '陈亮', NULL, 1549432098322, 0);
INSERT INTO `roomorder` VALUES (100, '021549441250776', '8021', 1, '31eada50-104a-11e9-a1db-0d5fe7aa5fe3', 2, '2', '2,7', '5,1', '', '', '', '', 1549441296192, 1549455699026, NULL, 248.00, NULL, 4, '陈亮', NULL, 1549441250776, 0);
INSERT INTO `roomorder` VALUES (101, '821549443038876', '8020', 1, '4b53d400-121c-11e9-9989-d75a6f62cec3', 2, '2', '2,7,16', '13,2,1', '', '', '', '', 1549443084270, 1549459312366, NULL, 480.00, 4.00, 1, '陈亮', NULL, 1549443038876, 0);
INSERT INTO `roomorder` VALUES (102, '751549445826877', '8013', 1, '4b53d400-121c-11e9-9989-d75a6f62cec3', 2, '2', '', '', NULL, NULL, NULL, NULL, 1549445872195, 1549456604196, NULL, NULL, NULL, 2, '陈亮', NULL, 1549445826877, 0);
INSERT INTO `roomorder` VALUES (103, '931549446841814', '8012', 1, '4b53d400-121c-11e9-9989-d75a6f62cec3', 2, '2', '', '', '', '', '', '', 1549446887181, 1549466035938, NULL, 298.00, NULL, 2, '陈亮', NULL, 1549446841814, 0);
INSERT INTO `roomorder` VALUES (104, '021549447111030', '8023', 1, '4b53d400-121c-11e9-9989-d75a6f62cec3', 2, '2', '24', '1', '', '', '', '', 1549447156393, 1549464693183, NULL, 300.00, NULL, 4, '陈亮', NULL, 1549447111030, 0);
INSERT INTO `roomorder` VALUES (105, '991549448519013', '8022', 1, '4b53d400-121c-11e9-9989-d75a6f62cec3', 2, '2', '', '', '', '', '', '', 1549448564366, 1549465942568, NULL, 298.00, NULL, 2, '陈亮', NULL, 1549448519013, 0);
INSERT INTO `roomorder` VALUES (106, '651549449544758', '6666', 1, '7985adb0-1223-11e9-9989-d75a6f62cec3', 2, '23', '27', '3', '', '', '', '', 1549449590102, 1549465902951, NULL, 616.00, NULL, 4, '陈亮', NULL, 1549449544758, 0);
INSERT INTO `roomorder` VALUES (107, '591549449795563', '8016', 1, '31eada50-104a-11e9-a1db-0d5fe7aa5fe3', 2, '2', '2,25', '13,1', '', '', '', '', 1549449840832, 1549455521500, NULL, 305.00, 3.00, 4, '陈亮', NULL, 1549449795563, 1);
INSERT INTO `roomorder` VALUES (108, '051549450519128', '8011', 1, '4b53d400-121c-11e9-9989-d75a6f62cec3', 2, '2', '2', '24', '', '', '', '', 1549450564463, 1549455467942, NULL, 490.00, NULL, 1, '陈亮', NULL, 1549450519128, 1);
INSERT INTO `roomorder` VALUES (109, '471549450752245', '9999', 1, '7985adb0-1223-11e9-9989-d75a6f62cec3', 2, '23', '3', '24', '', '', '', '', 1549450797568, 1549464623739, NULL, 838.00, NULL, 4, '陈亮', NULL, 1549450752245, 0);
INSERT INTO `roomorder` VALUES (110, '981549451013457', '8019', 1, '4b53d400-121c-11e9-9989-d75a6f62cec3', 2, '2', '2,22,24,27,29', '6,1,4,4,2', '', '', '', '', 1549451058711, 1549466158307, NULL, 456.00, 48.00, 4, '陈亮', NULL, 1549451013457, 0);
INSERT INTO `roomorder` VALUES (111, '801549451552641', '8017', 1, '4b53d400-121c-11e9-9989-d75a6f62cec3', 2, '2', '', '', '', '', '', '', 1549451597898, 1549464677183, NULL, 298.00, NULL, 4, '陈亮', NULL, 1549451552641, 0);
INSERT INTO `roomorder` VALUES (112, '381549452844201', '8015', 1, '4b53d400-121c-11e9-9989-d75a6f62cec3', 2, '2', '16', '1', '', '', '', '', 1549452889513, 1549464640062, NULL, 356.00, 8.00, 4, '陈亮', NULL, 1549452844201, 0);
INSERT INTO `roomorder` VALUES (113, '661549455659670', '8016', 1, '31eada50-104a-11e9-a1db-0d5fe7aa5fe3', 2, '2', '2', '13', '', '', '', '', 1549455704950, 1549459910538, NULL, 302.00, NULL, 4, '陈亮', NULL, 1549455659670, 0);
INSERT INTO `roomorder` VALUES (114, '271549455745441', '8011', 1, '4b53d400-121c-11e9-9989-d75a6f62cec3', 2, '2', '2,6', '24,2', '', '', '', '', 1549455790723, 1549464633447, NULL, 502.00, 0.00, 1, '陈亮', NULL, 1549455745441, 0);
INSERT INTO `roomorder` VALUES (115, '511549455834117', '8021', 1, '31eada50-104a-11e9-a1db-0d5fe7aa5fe3', 2, '2', '', '', '', '', '', '', 1549455879385, 1549466162495, NULL, 198.00, NULL, 4, '陈亮', NULL, 1549455834117, 0);
INSERT INTO `roomorder` VALUES (116, '971549457184615', '8013', 1, '4b53d400-121c-11e9-9989-d75a6f62cec3', 2, '2', '2', '24', '', '', '', '', 1549457229885, 1549466040446, NULL, 490.00, NULL, 2, '陈亮', NULL, 1549457184615, 0);
INSERT INTO `roomorder` VALUES (117, '341549459333711', '8020', 1, '4b53d400-121c-11e9-9989-d75a6f62cec3', 2, '2', '', '', '', '', '', '', 1549459378958, 1549466174581, NULL, 298.00, NULL, 4, '陈亮', NULL, 1549459333711, 0);
INSERT INTO `roomorder` VALUES (118, '941549459929429', '8016', 1, '31eada50-104a-11e9-a1db-0d5fe7aa5fe3', 2, '2', '2', '13', '', '', '', '', 1549459974672, 1549470172949, NULL, 302.00, 4.00, 4, '陈亮', NULL, 1549459929429, 0);
INSERT INTO `roomorder` VALUES (119, '921549467332702', '8011', 1, '4b53d400-121c-11e9-9989-d75a6f62cec3', 2, '2', '6,29', '8,1', '', '', '', '', 1549467377877, 1549517524979, NULL, 366.00, NULL, 2, '收银员1', NULL, 1549467332702, 0);
INSERT INTO `roomorder` VALUES (120, '451549517714297', '8012', 1, '94902cb0-1224-11e9-9989-d75a6f62cec3', 1, '2', '3', '5', '', '', '', '', 1549517761388, 1549529515159, NULL, 248.00, NULL, 4, '收银员1', NULL, 1549517714297, 0);
INSERT INTO `roomorder` VALUES (121, '671549518332257', '8013', 1, '94902cb0-1224-11e9-9989-d75a6f62cec3', 1, '2', '', '', '', '', '', '', 1549518379424, 1549528836028, NULL, 198.00, NULL, 4, '收银员1', NULL, 1549518332257, 0);
INSERT INTO `roomorder` VALUES (123, '171549521762302', '8011', 1, 'dae7fde0-1720-11e9-b5e7-cd0a8c11a7bb', 1, '', '', '', '', '', '', '', 1549521809371, 1549532702809, NULL, 168.00, 8.00, 4, NULL, NULL, 1549521762302, 0);
INSERT INTO `roomorder` VALUES (124, '711549522589712', '8016', 1, 'de2d8030-1223-11e9-9989-d75a6f62cec3', 1, '3', '', '', '', '', '', '', 1549522636831, 1549531139635, NULL, 168.00, NULL, 1, '收银员1', NULL, 1549522589712, 0);
INSERT INTO `roomorder` VALUES (125, '501549533716581', '8021', 1, '31eada50-104a-11e9-a1db-0d5fe7aa5fe3', 2, '2', '', '', '', '', '', '', 1549533763513, 1549552291254, NULL, 198.00, NULL, 4, '收银员1', NULL, 1549533716581, 0);
INSERT INTO `roomorder` VALUES (126, '141549534619937', '8011', 1, '4b53d400-121c-11e9-9989-d75a6f62cec3', 2, '2', '24', '2', '', '', '', '', 1549534666944, 1549555292420, NULL, 302.00, NULL, 2, '收银员1', NULL, 1549534619937, 0);
INSERT INTO `roomorder` VALUES (127, '601549535855850', '8013', 1, '4b53d400-121c-11e9-9989-d75a6f62cec3', 2, '2', '24', '2', '', '', '', '', 1549535902846, 1549549873204, NULL, 302.00, 4.00, 4, '收银员1', NULL, 1549535855850, 0);
INSERT INTO `roomorder` VALUES (128, '531549535928888', '8019', 1, '4b53d400-121c-11e9-9989-d75a6f62cec3', 2, '2', '2', '13', '', '', '', '', 1549535975893, 1549555298413, NULL, 402.00, NULL, 4, '收银员1', NULL, 1549535928888, 0);
INSERT INTO `roomorder` VALUES (129, '151549536742485', '8016', 1, '31eada50-104a-11e9-a1db-0d5fe7aa5fe3', 2, '2', '2', '7', '', '', '', '', 1549536789473, 1549549883571, NULL, 254.00, NULL, 4, '收银员1', NULL, 1549536742485, 0);
INSERT INTO `roomorder` VALUES (130, '121549537332019', '8020', 1, '4b53d400-121c-11e9-9989-d75a6f62cec3', 2, '2', '2', '24', '', '', '', '', 1549537378999, 1549555301576, NULL, 490.00, NULL, 1, '收银员1', NULL, 1549537332019, 0);
INSERT INTO `roomorder` VALUES (131, '121549537610508', '8015', 1, '4b53d400-121c-11e9-9989-d75a6f62cec3', 2, '2', '2,3,18', '7,1,2', '', '', '', '', 1549537657488, 1549552194562, NULL, 384.00, NULL, 4, '收银员1', NULL, 1549537610508, 0);
INSERT INTO `roomorder` VALUES (132, '451549538253757', '6666', 1, '7985adb0-1223-11e9-9989-d75a6f62cec3', 2, '23', '27', '2', '', '', '', '', 1549538300727, 1549553194205, NULL, 610.00, NULL, 2, '收银员1', NULL, 1549538253757, 0);
INSERT INTO `roomorder` VALUES (134, '171549538534398', '8022', 1, '4b53d400-121c-11e9-9989-d75a6f62cec3', 2, '2', '2', '8', '', '', '', '', 1549538581376, 1549550592899, NULL, 362.00, NULL, 2, '收银员1', NULL, 1549538534398, 0);
INSERT INTO `roomorder` VALUES (135, '011549539214839', '8017', 1, '4b53d400-121c-11e9-9989-d75a6f62cec3', 2, '2', '2', '6', '', '', '', '', 1549539261806, 1549549048396, NULL, 346.00, 48.00, 4, '收银员1', NULL, 1549539214839, 0);
INSERT INTO `roomorder` VALUES (136, '241549539672490', '9999', 1, '7985adb0-1223-11e9-9989-d75a6f62cec3', 2, '2', '2,3', '6,17', '', '', '', '', 1549539719379, 1549548958771, NULL, 816.00, 48.00, 4, '收银员1', NULL, 1549539672490, 0);
INSERT INTO `roomorder` VALUES (137, '101549541421304', '8023', 1, '4b53d400-121c-11e9-9989-d75a6f62cec3', 2, '2', '2,16', '6,1', '', '', '', '', 1549541468251, 1549553188999, NULL, 404.00, 56.00, 2, '收银员1', NULL, 1549541421304, 0);
INSERT INTO `roomorder` VALUES (138, '431549541541331', '8012', 1, '4b53d400-121c-11e9-9989-d75a6f62cec3', 2, '2', '', '', '', '', '', '', 1549541588283, 1549555295510, NULL, 298.00, NULL, 4, '收银员1', NULL, 1549541541331, 0);
INSERT INTO `roomorder` VALUES (139, '861549606167935', '8016', 1, '0503b740-1721-11e9-b5e7-cd0a8c11a7bb', 1, '', '', '', '', '', '', '', 1549606216799, 1549620922577, NULL, 120.00, NULL, 4, '陈亮', NULL, 1549606167935, 0);
INSERT INTO `roomorder` VALUES (140, '401549613135177', '8011', 1, '4b53d400-121c-11e9-9989-d75a6f62cec3', 2, '2', '', '', '', '', '', '', 1549613184043, 1549620918176, NULL, 298.00, NULL, 4, '陈亮', NULL, 1549613135177, 0);
INSERT INTO `roomorder` VALUES (141, '951549621671484', '8012', 1, '4b53d400-121c-11e9-9989-d75a6f62cec3', 2, '2', '2,25,29', '13,2,1', '', '', '', '', 1549621721213, 1549639930579, NULL, 428.00, 4.00, 2, '陈亮', NULL, 1549621671484, 0);
INSERT INTO `roomorder` VALUES (142, '771549625092224', '8016', 1, '31eada50-104a-11e9-a1db-0d5fe7aa5fe3', 2, '2', '2,18,29', '12,1,7', '', '', '', '', 1549625141851, 1549639926637, NULL, 444.00, 16.00, 4, '陈亮', NULL, 1549625092224, 0);
INSERT INTO `roomorder` VALUES (143, '251549627477962', '8021', 1, '31eada50-104a-11e9-a1db-0d5fe7aa5fe3', 2, '2', '', '', '', '', '', '', 1549627527561, 1549636684584, NULL, 198.00, NULL, 4, '陈亮', NULL, 1549627477962, 0);
INSERT INTO `roomorder` VALUES (144, '081549639102609', '8013', 1, '4b53d400-121c-11e9-9989-d75a6f62cec3', 2, '2', '', '', '', '', '', '', 1549639152182, 1549639121057, NULL, 298.00, NULL, 4, '陈亮', NULL, 1549639102609, 0);
INSERT INTO `roomorder` VALUES (145, '041549706262432', '8012', 1, 'dae7fde0-1720-11e9-b5e7-cd0a8c11a7bb', 1, '', '', '', '', '', '', '', 1549706313501, 1549706268101, NULL, 168.00, NULL, 4, '收银员1', NULL, 1549706262432, 0);
INSERT INTO `roomorder` VALUES (146, '061549710831653', '8011', 1, '4b53d400-121c-11e9-9989-d75a6f62cec3', 2, '2', '', '', '', '', '', '', 1549710883099, 1549721732936, NULL, 298.00, NULL, 4, '收银员1', NULL, 1549710831653, 0);
INSERT INTO `roomorder` VALUES (147, '981549711047034', '8012', 1, '4b53d400-121c-11e9-9989-d75a6f62cec3', 2, '2', '2', '4', '', '', '', '', 1549711098471, 1549725711416, NULL, 330.00, 32.00, 4, '收银员1', NULL, 1549711047034, 0);
INSERT INTO `roomorder` VALUES (148, '471549711606517', '8016', 1, '31eada50-104a-11e9-a1db-0d5fe7aa5fe3', 2, '2', '2', '24', '', '', '', '', 1549711657952, 1549726577204, NULL, 390.00, NULL, 4, '收银员1', NULL, 1549711606517, 0);
INSERT INTO `roomorder` VALUES (149, '271549713542872', '8013', 1, '4b53d400-121c-11e9-9989-d75a6f62cec3', 2, '2', '2,16,29', '30,1,1', '', '', '', '', 1549713594436, 1549721561170, NULL, 616.00, 36.00, 2, '收银员1', NULL, 1549713542872, 0);
INSERT INTO `roomorder` VALUES (150, '361549716457765', '8015', 1, '4b53d400-121c-11e9-9989-d75a6f62cec3', 2, '2', '', '', '', '', '', '', 1549716509305, 1549725704902, NULL, 298.00, NULL, 1, '收银员1', NULL, 1549716457765, 0);
INSERT INTO `roomorder` VALUES (151, '641549718139640', '8019', 1, '4b53d400-121c-11e9-9989-d75a6f62cec3', 2, '3', '3', '40', '', '', '', '', 1549718191161, 1549728833341, NULL, 698.00, NULL, 2, '收银员1', NULL, 1549718139640, 0);
INSERT INTO `roomorder` VALUES (152, '941549775797505', '8016', 1, 'de2d8030-1223-11e9-9989-d75a6f62cec3', 1, '2', '', '', '', '', '', '', 1549775849685, 1549791073249, NULL, 168.00, NULL, 2, '陈亮', NULL, 1549775797505, 0);
INSERT INTO `roomorder` VALUES (153, '231549791137448', '8011', 1, '4b53d400-121c-11e9-9989-d75a6f62cec3', 2, '2', '2,29', '10,1', '', '', '', '', 1549791189704, 1549813861327, NULL, 398.00, 10.00, 1, '陈亮', NULL, 1549791137448, 0);
INSERT INTO `roomorder` VALUES (154, '861549797252011', '8012', 1, '4b53d400-121c-11e9-9989-d75a6f62cec3', 2, '2', '2,18', '13,4', '', '', '', '', 1549797304889, 1549809886481, NULL, 442.00, 4.00, 4, '陈亮', NULL, 1549797252011, 0);
INSERT INTO `roomorder` VALUES (155, '701549799397231', '8013', 1, '4b53d400-121c-11e9-9989-d75a6f62cec3', 2, '2', '2,6,14,30', '33,7,1,2', '', '', '', '', 1549799450090, 1549812120013, NULL, 654.00, 56.00, 4, '陈亮', NULL, 1549799397231, 0);
INSERT INTO `roomorder` VALUES (156, '811549801217887', '8015', 1, '4b53d400-121c-11e9-9989-d75a6f62cec3', 2, '2', '', '', '', '', '', '', 1549801270725, 1549811264269, NULL, 298.00, NULL, 4, '陈亮', NULL, 1549801217887, 0);
INSERT INTO `roomorder` VALUES (157, '451549801439931', '8019', 1, '4b53d400-121c-11e9-9989-d75a6f62cec3', 2, '2', '', '', '', '', '', '', 1549801492700, 1549809460632, NULL, 298.00, NULL, 1, '陈亮', NULL, 1549801439931, 0);
INSERT INTO `roomorder` VALUES (158, '001549801871828', '8020', 1, '4b53d400-121c-11e9-9989-d75a6f62cec3', 2, '2', '', '', '', '', '', '', 1549801924356, 1549813828902, NULL, 298.00, NULL, 2, '陈亮', NULL, 1549801871828, 0);
INSERT INTO `roomorder` VALUES (159, '361549863921253', '8011', 1, '94902cb0-1224-11e9-9989-d75a6f62cec3', 1, '2', '', '', '', '', '', '', 1549863975001, 1549869377213, NULL, 198.00, NULL, 4, '陈亮', NULL, 1549863921253, 0);
INSERT INTO `roomorder` VALUES (160, '201549885054419', '8016', 1, '31eada50-104a-11e9-a1db-0d5fe7aa5fe3', 2, '23', '23', '2', '', '', '', '', 1549885108888, 1549899203355, NULL, 218.00, 20.00, 2, '陈亮', NULL, 1549885054419, 0);
INSERT INTO `roomorder` VALUES (161, '951549885942907', '8011', 1, '4b53d400-121c-11e9-9989-d75a6f62cec3', 2, '23', '2,23', '24,15', '', '', '', '', 1549885997366, 1549899218755, '', 640.00, 140.00, 4, '陈亮', NULL, 1549885942907, 0);
INSERT INTO `roomorder` VALUES (162, '571549886214919', '8012', 1, '4b53d400-121c-11e9-9989-d75a6f62cec3', 2, '23', '', '', '', '', '', '', 1549886269377, 1549899212856, NULL, 298.00, NULL, 4, '陈亮', NULL, 1549886214919, 0);
INSERT INTO `roomorder` VALUES (163, '681549887426973', '8013', 1, '4b53d400-121c-11e9-9989-d75a6f62cec3', 2, '23', '14,23,29', '1,19,3', '', '', '', '', 1549887481422, 1549899209640, NULL, 586.00, NULL, 4, '陈亮', NULL, 1549887426973, 0);
INSERT INTO `roomorder` VALUES (164, '091549887569690', '8021', 1, '31eada50-104a-11e9-a1db-0d5fe7aa5fe3', 2, '23', '14,20,24', '1,2,4', '', '', '', '', 1549887624131, 1549899200248, NULL, 256.00, 0.00, 4, '陈亮', NULL, 1549887569690, 0);
INSERT INTO `roomorder` VALUES (165, '651549888781703', '8015', 1, '4b53d400-121c-11e9-9989-d75a6f62cec3', 2, '23', '', '', '', '', '', '', 1549888836140, 1549899206302, NULL, 298.00, NULL, 4, '陈亮', NULL, 1549888781703, 0);
INSERT INTO `roomorder` VALUES (166, '021549953814912', '8011', 1, '94902cb0-1224-11e9-9989-d75a6f62cec3', 1, '2', '23', '30', '', '', '', '', 1549953871135, 1549964040745, NULL, 498.00, 98.00, 4, '陈亮', NULL, 1549953814912, 0);
INSERT INTO `roomorder` VALUES (171, '991549967199920', '8016', 1, '31eada50-104a-11e9-a1db-0d5fe7aa5fe3', 2, '23', '', '', '', '', '', '', 1549967256013, 1549979672796, NULL, 198.00, NULL, 4, '陈亮', NULL, 1549967199920, 0);
INSERT INTO `roomorder` VALUES (172, '391549971436025', '8011', 1, '4b53d400-121c-11e9-9989-d75a6f62cec3', 2, '23', '', '', '', '', '', '', 1549971492155, 1549986445308, NULL, 298.00, NULL, 2, '陈亮', NULL, 1549971436025, 0);
INSERT INTO `roomorder` VALUES (173, '361549972238681', '8013', 1, '4b53d400-121c-11e9-9989-d75a6f62cec3', 2, '23', '', '', '', '', '', '', 1549972294800, 1549986360223, NULL, 298.00, NULL, 4, '陈亮', NULL, 1549972238681, 0);
INSERT INTO `roomorder` VALUES (174, '011549974014613', '8021', 1, '31eada50-104a-11e9-a1db-0d5fe7aa5fe3', 2, '23', '', '', '', '', '', '', 1549974070721, 1549987080254, NULL, 198.00, NULL, 4, '陈亮', NULL, 1549974014613, 0);
INSERT INTO `roomorder` VALUES (175, '931549975089234', '8015', 1, '4b53d400-121c-11e9-9989-d75a6f62cec3', 2, '2', '2,29', '12,2', '', '', '', '', 1549975145268, 1549985390214, NULL, 434.00, 0.00, 2, '陈亮', NULL, 1549975089234, 0);
INSERT INTO `roomorder` VALUES (176, '491549976809498', '8023', 1, '4b53d400-121c-11e9-9989-d75a6f62cec3', 2, '23', '23', '21', '', '', '', '', 1549976865524, 1549986470956, NULL, 508.00, 50.00, 2, '陈亮', NULL, 1549976809498, 0);
INSERT INTO `roomorder` VALUES (177, '941549977535272', '8012', 1, '4b53d400-121c-11e9-9989-d75a6f62cec3', 2, '23', '30', '1', '', '', '', '', 1549977591277, 1549977582138, NULL, 304.00, 104.00, 4, '陈亮', NULL, 1549977535272, 0);
INSERT INTO `roomorder` VALUES (178, '491549978285093', '6666', 1, '7985adb0-1223-11e9-9989-d75a6f62cec3', 2, '2', '2', '15', '', '', '', '', 1549978339076, 1549983069563, NULL, 718.00, 20.00, 4, '陈亮', NULL, 1549978285093, 0);
INSERT INTO `roomorder` VALUES (179, '851550038416264', '8016', 1, 'de2d8030-1223-11e9-9989-d75a6f62cec3', 1, '3', '3', '15', '', '', '', '', 1550038474370, 1550049250403, NULL, 318.00, 18.00, 4, '陈亮', NULL, 1550038416264, 0);
INSERT INTO `roomorder` VALUES (180, '431550056008383', '8011', 1, '4b53d400-121c-11e9-9989-d75a6f62cec3', 2, '23', '23', '5', '', '', '', '', 1550056066322, 1550067596050, NULL, 348.00, 50.00, 4, '陈亮', NULL, 1550056008383, 0);
INSERT INTO `roomorder` VALUES (181, '701550056705203', '8016', 1, '31eada50-104a-11e9-a1db-0d5fe7aa5fe3', 2, '2', '24', '5', '', '', '', '', 1550056763140, 1550067879863, NULL, 208.00, 4.00, 4, '陈亮', NULL, 1550056705203, 0);
INSERT INTO `roomorder` VALUES (182, '851550056933587', '8012', 1, '4b53d400-121c-11e9-9989-d75a6f62cec3', 2, '23', '29,30', '3,2', '', '', '', '', 1550056991518, 1550067827836, NULL, 370.00, NULL, 2, '陈亮', NULL, 1550056933587, 0);
INSERT INTO `roomorder` VALUES (183, '761550145836761', '8011', 1, '4b53d400-121c-11e9-9989-d75a6f62cec3', 2, '2', '', '', '', '', '', '', 1550145896338, 1550156188216, NULL, 298.00, 98.00, 4, '陈亮', NULL, 1550145836761, 0);
INSERT INTO `roomorder` VALUES (184, '161550212095469', '8011', 1, '94902cb0-1224-11e9-9989-d75a6f62cec3', 1, '2', '2,16,24', '10,1,6', '', '', '', '', 1550212156769, 1550222023409, NULL, 348.00, 58.00, 1, '陈亮', NULL, 1550212095469, 0);
INSERT INTO `roomorder` VALUES (185, '901550214206469', '8012', 1, '94902cb0-1224-11e9-9989-d75a6f62cec3', 1, '23', '', '', '', '', '', '', 1550214267664, 1550220846928, NULL, 198.00, 48.00, 1, '陈亮', NULL, 1550214206469, 1);
INSERT INTO `roomorder` VALUES (186, '721550220930722', '8012', 1, '94902cb0-1224-11e9-9989-d75a6f62cec3', 1, '2', '', '', '', '', '', '', 1550220991945, 1550220942906, NULL, 198.00, 48.00, 4, '陈亮', NULL, 1550220930722, 0);
INSERT INTO `roomorder` VALUES (187, '691550230103756', '8016', 1, '31eada50-104a-11e9-a1db-0d5fe7aa5fe3', 2, '2', '2', '20', '', '', '', '', 1550230165263, 1550245692957, NULL, 358.00, NULL, 2, '陈亮', NULL, 1550230103756, 0);
INSERT INTO `roomorder` VALUES (188, '641550230839359', '8011', 1, '4b53d400-121c-11e9-9989-d75a6f62cec3', 2, '2', '27', '2', '', '', '', '', 1550230900858, 1550240074689, NULL, 310.00, 98.00, 4, '陈亮', NULL, 1550230839359, 1);
INSERT INTO `roomorder` VALUES (189, '681550239952691', '8021', 1, 'bf8e8db0-1b13-11e9-9392-4f5fb6d71560', 1, '', '', '', '', '', '', '', 1550240014699, 1550244625880, NULL, 98.00, NULL, 4, '陈亮', NULL, 1550239952691, 0);
INSERT INTO `roomorder` VALUES (190, '131550241410521', '8011', 1, '4b53d400-121c-11e9-9989-d75a6f62cec3', 2, '2', '', '', '', '', '', '', 1550241472520, 1550241419820, NULL, 298.00, 102.00, 4, '陈亮', NULL, 1550241410521, 0);
INSERT INTO `roomorder` VALUES (193, '951550317668707', '8016', 1, '31eada50-104a-11e9-a1db-0d5fe7aa5fe3', 2, '3', '3', '37', '', '', '', '', 1550317731846, 1550327682515, NULL, 568.00, NULL, 4, '陈亮', NULL, 1550317668707, 0);
INSERT INTO `roomorder` VALUES (194, '081550319083580', '8011', 1, '4b53d400-121c-11e9-9989-d75a6f62cec3', 2, '3', '', '', '', '', '', '', 1550319146770, 1550330402303, NULL, 298.00, 98.00, 2, '陈亮', NULL, 1550319083580, 0);
INSERT INTO `roomorder` VALUES (195, '711550322740395', '8012', 1, '4b53d400-121c-11e9-9989-d75a6f62cec3', 2, '2', '2', '24', '', '', '', '', 1550322803485, 1550332020907, NULL, 490.00, 98.00, 1, '陈亮', NULL, 1550322740395, 0);
INSERT INTO `roomorder` VALUES (196, '301550379907097', '8012', 1, '94902cb0-1224-11e9-9989-d75a6f62cec3', 1, '2', '2,7,24', '6,1,1', '', '', '', '', 1550379971704, 1550392301379, NULL, 258.00, 96.00, 4, '陈亮', NULL, 1550379907097, 0);
INSERT INTO `roomorder` VALUES (197, '671550385588160', '8013', 1, 'dae7fde0-1720-11e9-b5e7-cd0a8c11a7bb', 1, '', '', '', '', '', '', '', 1550385652708, 1550392290167, NULL, 168.00, 68.00, 4, '陈亮', NULL, 1550385588160, 0);
INSERT INTO `roomorder` VALUES (199, '231550405788301', '6666', 1, '7985adb0-1223-11e9-9989-d75a6f62cec3', 2, '3', '', '', '', '', '', '', 1550405853497, 1550413604243, NULL, 598.00, 298.00, 1, '陈亮', NULL, 1550405788301, 0);
INSERT INTO `roomorder` VALUES (200, '201550500125898', '8012', 1, '4b53d400-121c-11e9-9989-d75a6f62cec3', 2, '3', '', '', '', '', '', '', 1550500193040, 1550505542081, NULL, 298.00, 98.00, 2, '陈亮', NULL, 1550500125898, 0);
INSERT INTO `roomorder` VALUES (201, '681550557701697', '8016', 1, 'bf8e8db0-1b13-11e9-9392-4f5fb6d71560', 1, '', '', '', '', '', '', '', 1550557769996, 1550566328684, NULL, 98.00, 18.00, 2, '陈亮', NULL, 1550557701697, 0);
INSERT INTO `roomorder` VALUES (203, '351550572721611', '6666', 1, '7985adb0-1223-11e9-9989-d75a6f62cec3', 2, '2', '2,25', '10,2', '', '', '', '', 1550572789668, 1550582932763, NULL, 684.00, 328.00, 4, '陈亮', NULL, 1550572721611, 0);
INSERT INTO `roomorder` VALUES (204, '891550577216036', '8012', 1, '4b53d400-121c-11e9-9989-d75a6f62cec3', 2, '3', '', '', '', '', '', '', 1550577284059, 1550588671122, NULL, 298.00, 98.00, 4, '陈亮', NULL, 1550577216036, 0);
INSERT INTO `roomorder` VALUES (205, '561550577901377', '8016', 1, '31eada50-104a-11e9-a1db-0d5fe7aa5fe3', 2, '3', '', '', '', '', '', '', 1550577969328, 1550588539467, NULL, 198.00, 18.00, 4, '陈亮', NULL, 1550577901377, 0);
INSERT INTO `roomorder` VALUES (207, '811550662654826', '8016', 1, '31eada50-104a-11e9-a1db-0d5fe7aa5fe3', 2, '3', '3', '7', '', '', '', '', 1550662724523, 1550674670055, NULL, 238.00, 10.00, 2, '陈亮', NULL, 1550662654826, 0);
INSERT INTO `roomorder` VALUES (208, '931550666335186', '6666', 1, '7985adb0-1223-11e9-9989-d75a6f62cec3', 2, '3', '3,27', '24,2', '', '', '', '', 1550666404913, 1550675346142, NULL, 552.00, 312.00, 2, '陈亮', NULL, 1550666335186, 0);
INSERT INTO `roomorder` VALUES (209, '971550668291671', '8011', 1, '4b53d400-121c-11e9-9989-d75a6f62cec3', 2, '3', '3', '10', '', '', '', '', 1550668361382, 1550676101432, NULL, 298.00, NULL, 2, '陈亮', NULL, 1550668291671, 0);
INSERT INTO `roomorder` VALUES (214, '031550724759650', '8016', 1, 'bf8e8db0-1b13-11e9-9392-4f5fb6d71560', 1, '', '3', '6', '', '', '', '', 1550724831543, 1550738590558, NULL, 148.00, NULL, 4, '陈亮', NULL, 1550724759650, 0);
INSERT INTO `roomorder` VALUES (216, '061550756125096', '8012', 1, '4b53d400-121c-11e9-9989-d75a6f62cec3', 2, '2', '', '', '', '', '', '', 1550756197210, 1550762531457, NULL, 198.00, NULL, 2, '陈亮', NULL, 1550756125096, 0);
INSERT INTO `roomorder` VALUES (217, '791550904082433', '8011', 1, 'dae7fde0-1720-11e9-b5e7-cd0a8c11a7bb', 1, '', '3,24,25', '10,2,1', '', '', '', '', 1550904157883, 1550914612664, NULL, 157.00, 53.00, 4, '陈亮', NULL, 1550904082433, 0);
INSERT INTO `roomorder` VALUES (218, '731550926500061', '8011', 1, '4b53d400-121c-11e9-9989-d75a6f62cec3', 2, '3', '3', '6', '', '', '', '', 1550926575372, 1550930034425, NULL, 258.00, 98.00, 2, '陈亮', NULL, 1550926500061, 0);
INSERT INTO `roomorder` VALUES (219, '971551007804238', '6666', 1, '7985adb0-1223-11e9-9989-d75a6f62cec3', 2, '23', '2', '26', '', '', '', '', 1551007880995, 1551016926899, NULL, 508.00, 208.00, 1, '陈亮', NULL, 1551007804238, 0);
INSERT INTO `roomorder` VALUES (221, '731551013889805', '8013', 1, '4b53d400-121c-11e9-9989-d75a6f62cec3', 2, '2', '17', '1', '', '', '', '', 1551013964817, 1551068696483, NULL, 208.00, 10.00, 4, '陈亮', NULL, 1551013889805, 0);
INSERT INTO `roomorder` VALUES (222, '741551015347139', '8011', 1, '4b53d400-121c-11e9-9989-d75a6f62cec3', 2, '2', '2', '15', '', '', '', '', 1551015423824, 1551016850951, NULL, 318.00, 318.00, 2, '陈亮', NULL, 1551015347139, 0);
INSERT INTO `roomorder` VALUES (223, '181551015413201', '8012', 1, '4b53d400-121c-11e9-9989-d75a6f62cec3', 2, '3', '3', '20', '', '', '', '', 1551015489887, 1551016785789, NULL, 398.00, 398.00, 2, '陈亮', NULL, 1551015413201, 0);
INSERT INTO `roomorder` VALUES (224, '641551094331358', '6666', 1, '7985adb0-1223-11e9-9989-d75a6f62cec3', 2, '2', '2', '24', '', '', '', '', 1551094410725, 1551107530911, NULL, 492.00, 192.00, 2, '陈亮', NULL, 1551094331358, 0);
INSERT INTO `roomorder` VALUES (225, '481551165475595', '8011', 1, 'dae7fde0-1720-11e9-b5e7-cd0a8c11a7bb', 1, '', '2', '24', '', '', '', '', 1551165555980, 1551165657574, NULL, 242.00, NULL, 1, '陈亮', NULL, 1551165475595, 1);
INSERT INTO `roomorder` VALUES (227, '271551167715226', '8011', 1, 'dae7fde0-1720-11e9-b5e7-cd0a8c11a7bb', 1, '', '2,20,24,30', '24,1,1,1', '', '', '', '', 1551167795266, 1551172100671, NULL, 256.00, 50.00, 1, '陈亮', NULL, 1551167715226, 0);
INSERT INTO `roomorder` VALUES (230, '901551181875598', '8011', 1, '4b53d400-121c-11e9-9989-d75a6f62cec3', 2, '2', '2', '4', '', '', '', '', 1551181956385, 1551191671239, NULL, 230.00, 30.00, 2, '陈亮', NULL, 1551181875598, 0);
INSERT INTO `roomorder` VALUES (231, '451551182785784', '8012', 1, '4b53d400-121c-11e9-9989-d75a6f62cec3', 2, '2', '', '', '', '', '', '', 1551182866561, 1551194501909, NULL, 198.00, NULL, 4, '陈亮', NULL, 1551182785784, 0);
INSERT INTO `roomorder` VALUES (232, '781551344829102', '8016', 1, '31eada50-104a-11e9-a1db-0d5fe7aa5fe3', 2, '2', '2', '16', '', '', '', '', 1551344913028, 1551363698909, NULL, 296.00, 26.00, 4, '陈亮', NULL, 1551344829102, 0);
INSERT INTO `roomorder` VALUES (233, '291551353953859', '8012', 1, '4b53d400-121c-11e9-9989-d75a6f62cec3', 2, '3', '3', '4', '', '', '', '', 1551354038664, 1551364962883, NULL, 238.00, 40.00, 4, '陈亮', NULL, 1551353953859, 0);
INSERT INTO `roomorder` VALUES (234, '651551353964333', '8013', 1, '4b53d400-121c-11e9-9989-d75a6f62cec3', 2, '3', '3', '14', '', '', '', '', 1551354049137, 1551362648976, NULL, 338.00, 40.00, 4, '陈亮', NULL, 1551353964333, 0);
INSERT INTO `roomorder` VALUES (235, '571551430849140', '8011', 1, 'dae7fde0-1720-11e9-b5e7-cd0a8c11a7bb', 1, '', '', '', '', '', '', '', 1551430935037, 1551432641509, NULL, 50.00, NULL, 2, '陈亮', NULL, 1551430849140, 0);
INSERT INTO `roomorder` VALUES (236, '511551430864474', '8015', 1, 'dae7fde0-1720-11e9-b5e7-cd0a8c11a7bb', 1, '', '', '', '', '', '', '', 1551430950373, 1551430911683, NULL, 50.00, NULL, 4, '陈亮', NULL, 1551430864474, 0);
INSERT INTO `roomorder` VALUES (237, '851551440634779', '8011', 1, '35556f20-1b17-11e9-9392-4f5fb6d71560', 2, '', '', '', '', '', '', '', 1551440720516, 1551447927759, NULL, 160.00, 10.00, 4, '陈亮', NULL, 1551440634779, 0);
INSERT INTO `roomorder` VALUES (238, '831551517556364', '8011', 1, 'dae7fde0-1720-11e9-b5e7-cd0a8c11a7bb', 1, '', '', '', '', '', '', '', 1551517644475, 1551517566619, NULL, 50.00, NULL, 4, '陈亮', NULL, 1551517556364, 0);
INSERT INTO `roomorder` VALUES (239, '411551625815423', '8011', 1, 'f0664fa0-1720-11e9-b5e7-cd0a8c11a7bb', 2, '', '', '', '', '', '', '', 1551625904498, 1551625836227, NULL, 100.00, NULL, 4, '陈亮', NULL, 1551625815423, 0);
INSERT INTO `roomorder` VALUES (240, '151551786088578', '6666', 1, 'b67f0200-1720-11e9-b5e7-cd0a8c11a7bb', 2, '', '', '', '', '', '', '', 1551786181933, 1551795503818, NULL, 200.00, 100.00, 4, '陈亮', NULL, 1551786088578, 0);
INSERT INTO `roomorder` VALUES (241, '431551788019278', '8011', 1, 'f0664fa0-1720-11e9-b5e7-cd0a8c11a7bb', 2, '', '25', '1', '', '', '', '', 1551788112612, 1551795507813, NULL, 103.00, NULL, 4, '陈亮', NULL, 1551788019278, 0);
INSERT INTO `roomorder` VALUES (242, '321551940571850', '6666', 1, '9d1432e0-13f6-11e9-86ad-915cb8e24559', 1, '', '2', '7', '', '', '', '', 1551940667598, 1551954293600, NULL, 156.00, 106.00, 1, '陈亮', NULL, 1551940571850, 0);
INSERT INTO `roomorder` VALUES (243, '291551961333967', '8011', 1, '4b53d400-121c-11e9-9989-d75a6f62cec3', 2, '3', '3', '17', '', '', '', '', 1551961430877, 1551970480262, NULL, 368.00, 68.00, 1, '陈亮', NULL, 1551961333967, 0);
INSERT INTO `roomorder` VALUES (244, '701552051522333', '8011', 1, '4b53d400-121c-11e9-9989-d75a6f62cec3', 2, '3', '3,5,24', '12,1,2', '', '', '', '', 1552051620858, 1552058751701, NULL, 328.00, 30.00, 4, '陈亮', NULL, 1552051522333, 0);
INSERT INTO `roomorder` VALUES (245, '621552109464432', '8016', 1, '0503b740-1721-11e9-b5e7-cd0a8c11a7bb', 1, '', '', '', '', '', '', '', 1552109564335, 1552116522706, NULL, 50.00, NULL, 2, '陈亮', NULL, 1552109464432, 0);
INSERT INTO `roomorder` VALUES (246, '331552141568351', '8016', 1, '31eada50-104a-11e9-a1db-0d5fe7aa5fe3', 2, '3', '3', '13', '', '', '', '', 1552141669251, 1552147152530, NULL, 298.00, 28.00, 2, '陈亮', NULL, 1552141568351, 0);
COMMIT;

-- ----------------------------
-- Table structure for roomtype
-- ----------------------------
DROP TABLE IF EXISTS `roomtype`;
CREATE TABLE `roomtype` (
  `id` int(11) NOT NULL AUTO_INCREMENT,
  `name` varchar(50) NOT NULL,
  `createTime` bigint(20) NOT NULL,
  `updateTime` bigint(20) DEFAULT NULL,
  `off` int(11) NOT NULL DEFAULT '0',
  PRIMARY KEY (`id`) USING BTREE
) ENGINE=InnoDB AUTO_INCREMENT=4 DEFAULT CHARSET=utf8 ROW_FORMAT=DYNAMIC;

-- ----------------------------
-- Records of roomtype
-- ----------------------------
BEGIN;
INSERT INTO `roomtype` VALUES (1, '标准包', 1545730484185, NULL, 0);
INSERT INTO `roomtype` VALUES (2, '大  包', 1545730496991, 1546823066933, 0);
INSERT INTO `roomtype` VALUES (3, '豪华包', 1545730504991, 1546823079692, 0);
COMMIT;

-- ----------------------------
-- Table structure for unit
-- ----------------------------
DROP TABLE IF EXISTS `unit`;
CREATE TABLE `unit` (
  `id` int(11) NOT NULL AUTO_INCREMENT,
  `name` varchar(50) NOT NULL,
  `sign` varchar(50) DEFAULT NULL,
  `createTime` bigint(20) NOT NULL,
  `updateTime` bigint(20) DEFAULT NULL,
  `off` int(11) NOT NULL DEFAULT '0',
  PRIMARY KEY (`id`) USING BTREE
) ENGINE=InnoDB AUTO_INCREMENT=8 DEFAULT CHARSET=utf8 ROW_FORMAT=DYNAMIC;

-- ----------------------------
-- Records of unit
-- ----------------------------
BEGIN;
INSERT INTO `unit` VALUES (1, '瓶', 'P', 1545710760720, NULL, 0);
INSERT INTO `unit` VALUES (2, '份', 'F', 1545710777580, NULL, 0);
INSERT INTO `unit` VALUES (3, '支', 'Z', 1545710784784, NULL, 0);
INSERT INTO `unit` VALUES (4, '包', 'B', 1545710795928, NULL, 0);
INSERT INTO `unit` VALUES (5, '个', 'G', 1545710803805, NULL, 0);
INSERT INTO `unit` VALUES (6, '罐', 'GU', 1545710820680, NULL, 0);
INSERT INTO `unit` VALUES (7, '壶', 'H', 1545710834061, NULL, 0);
COMMIT;

-- ----------------------------
-- Table structure for user
-- ----------------------------
DROP TABLE IF EXISTS `user`;
CREATE TABLE `user` (
  `id` int(11) NOT NULL AUTO_INCREMENT,
  `name` varchar(50) NOT NULL,
  `account` varchar(50) NOT NULL,
  `password` varchar(50) NOT NULL,
  `type` int(11) NOT NULL DEFAULT '0' COMMENT '类型 0：收银；1：管理',
  `root` int(11) NOT NULL DEFAULT '0',
  `status` int(11) NOT NULL DEFAULT '0' COMMENT '是否已登录（收银）',
  `createTime` bigint(20) NOT NULL,
  `off` int(11) NOT NULL DEFAULT '0',
  PRIMARY KEY (`id`) USING BTREE
) ENGINE=InnoDB AUTO_INCREMENT=5 DEFAULT CHARSET=utf8 ROW_FORMAT=DYNAMIC;

-- ----------------------------
-- Records of user
-- ----------------------------
BEGIN;
INSERT INTO `user` VALUES (3, '陈亮', '236338364', 'f889134a41063043803618b18908b6bd6d57b027', 1, 1, 0, 1546532515378, 0);
INSERT INTO `user` VALUES (4, '收银员1', '111', '1c6637a8f2e1f75e06ff9984894d6bd16a3a36a9', 0, 0, 0, 1546532547214, 0);
COMMIT;

-- ----------------------------
-- Table structure for vip
-- ----------------------------
DROP TABLE IF EXISTS `vip`;
CREATE TABLE `vip` (
  `id` int(11) NOT NULL AUTO_INCREMENT,
  `phone` varchar(50) NOT NULL,
  `balance` decimal(10,2) NOT NULL DEFAULT '0.00',
  `recentConsumeTime` bigint(20) DEFAULT NULL COMMENT '最近消费时间',
  `recentConsumeMoney` decimal(10,2) DEFAULT NULL COMMENT '最近消费金额',
  `totalTime` int(11) DEFAULT NULL COMMENT '累计消费次数',
  `totalMoney` decimal(10,2) DEFAULT NULL COMMENT '累计消费金额',
  `createTime` bigint(20) DEFAULT NULL,
  `status` int(11) DEFAULT NULL COMMENT '是否已登录，正在包间中',
  `record` int(11) NOT NULL DEFAULT '0' COMMENT '充值次数',
  `off` int(11) NOT NULL DEFAULT '0',
  PRIMARY KEY (`id`) USING BTREE
) ENGINE=InnoDB AUTO_INCREMENT=2 DEFAULT CHARSET=utf8 ROW_FORMAT=DYNAMIC;

-- ----------------------------
-- Records of vip
-- ----------------------------
BEGIN;
INSERT INTO `vip` VALUES (1, '15172640596', 1000.00, NULL, NULL, NULL, NULL, 1549886392815, 1, 1, 0);
COMMIT;

-- ----------------------------
-- Table structure for vipstock
-- ----------------------------
DROP TABLE IF EXISTS `vipstock`;
CREATE TABLE `vipstock` (
  `id` int(11) NOT NULL AUTO_INCREMENT,
  `nun` varchar(50) NOT NULL COMMENT '订单编码',
  `vip` varchar(50) NOT NULL,
  `goods` varchar(50) NOT NULL,
  `qty` varchar(50) NOT NULL,
  `off` int(11) NOT NULL DEFAULT '0',
  PRIMARY KEY (`id`) USING BTREE
) ENGINE=InnoDB DEFAULT CHARSET=utf8 ROW_FORMAT=DYNAMIC;

SET FOREIGN_KEY_CHECKS = 1;
